22891,65146,66039,88542,91328,100735,102516,119998,120002,133284,142031,142446,144585,145160,160654,160914,170138,172157,176539,181882,186064,189713,190462,192755,194173,195965,197613,198161,205926,208768,209887,213675,220273,223480,223958,225437,228223,230807,234076,252153,254982,257044,260410,260593,260859,261057,263254,278347,282170,282511,285299,294524,296029,296441,297638,302425,302462,304114,306435,311579,312910,314480,315921,319020,320450,321897,324689,326699,329216,329652,330464,331573,335601,386209
65399,290757,407444
99855,142729,145745,154575,181790,293664,296441,302800,312956,317485,321263,321386,331928,333391,340726,355698,374040,377867,380257,380992,381763,393637,396164,399304,408017,410622,419818
213031,218678,234076,250299,253819,266530,272402,274728,298447,336751,336802,356509,360774,364994,382119
145044,226151,345613,403103,404567,418803
16529,173904,198161,208712,224518,236505,268513,278347,296441,313795,317318,317915,331473,337507,341519,354091,360178,375960,398134,414313,419564
10108,31883,66027,67046,81387,98364,108290,110783,111339,120956,130942,138872,146212,154990,160309,161699,166921,170994,177935,179477,181221,181506,181918,183189,185368,186260,188019,194150,195533,199376,200795,204323,205437,206154,206917,208484,208600,208794,210478,211279,217380,220273,225166,226807,228222,229205,230613,232799,234076,234548,249691,251359,258878,270468,272514,275291,282151,284319,292853,301863,309367,314112,315731,322464,323807,325305,334836,358677,368744,368889,376884,391612,418180
109985,141503,365923,410899
67046,88375,121590,122482,123038,134977,178017,186240,199376,204392,211373,218394,224409,234548,247040,250088,256869,260332,260384,261593,263032,263224,267163,271447,272402,277787,282528,283988,287617,292011,298573,302814,307160,318465,324646,324717,330767,334316,360904,384156,390835,420968
154575,208761,212759,245990,290717,298169,336441,336751,337507,353716,377735,380423,399705
20737,25122,179406,347072,358677
232787,287617,287665,329679,330422,382661
8191,16631,17350,22891,33411,46149,46513,56489,60594,66448,84368,91328,91398,98686,102516,103560,105430,106482,108771,117885,118417,127101,134134,134977,137154,138359,142003,142446,145160,145879,147175,147915,150910,154539,154575,154659,159662,160748,162985,163627,163685,167225,169009,170994,172660,172712,173305,173318,176539,186064,189776,190462,191785,194173,195366,196618,197337,198161,198343,198687,200690,202673,204392,205926,206428,207985,208761,208768,209222,209617,209887,210776,213803,214833,216769,218694,219055,219200,219388,220273,220787,222324,222341,222728,224460,226702,226881,228223,228333,230807,231167,236545,237727,240346,240475,240820,242496,244141,247265,251269,257044,259348,261057,263254,266530,268512,271071,271745,271993,272285,275437,277275,278304,279535,280098,281080,282151,282890,284076,284629,289508,290249,290481,290717,294429,294524,295129,296029,296669,297560,299600,301400,302462,304107,304114,305577,307113,307814,311489,311579,312724,314480,315679,318043,318820,320025,320450,323589,324436,324689,325996,326121,326166,326189,326699,329422,329652,329715,331294,331474,331928,331957,332019,333080,334372,336291,336708,336751,337531,339137,339684,340001,340520,340767,342850,343116,343142,343659,344167,346220,346606,348042,348451,349134,349167,353032,353139,353175,354238,354603,356433,356509,357415,357844,359132,359871,360530,362863,362897,364058,367029,367450,368959,369021,371573,371751,373157,373422,374570,375395,377287,378903,379581,382119,385519,386190,386314,390265,391803,392145,393721,394089,394989,395943,396062,397087,397860,398074,398858,398966,399304,399670,400294,400388,400693,401941,403622,404300,406536,410035,411257,411275,415004,417162,419515,420246
157281,161450,184887,196138,223228,223761,234548,261690,273350,274603,289885,298447,325392,341921,360824,370496,384156,401074
134977,154575,199963,208761,215707,278347,279535,290717,298447,304167,321817,336708,336751,340001,356509,361157,362863,364568,367106,369148,407444
16631,42274,54386,69299,71705,76169,77748,80668,88542,89719,91328,102516,110783,111877,113011,120002,120129,134134,134977,137674,145745,154539,154799,160645,163627,169611,170968,170994,179879,186260,189713,192755,198161,202046,216269,216769,217452,220273,226841,234076,245890,250042,251289,254793,258801,263254,272871,272878,273130,273406,275437,280098,282511,290481,295936,297638,298718,299032,300203,301769,307137,310844,311519,311579,311928,312391,312910,314480,318043,319315,320771,321817,322004,322262,324436,326166,327830,329216,329960,332494,333387,334331,334965,335893,336751,336788,337531,341921,342051,342481,346325,347072,347134,348377,349784,352755,356529,359099,360774,365796,368825,370587,374570,375325,391612,393637,393721,404300
18253,33411,45316,55715,56489,65146,71705,88542,89719,91328,100735,105848,110783,111877,117885,120002,128408,130068,133065,136351,139782,142031,142446,145160,145745,147175,154539,154575,159898,160914,163627,166452,169358,169778,173305,179477,180110,181790,183361,186064,186462,189713,190462,196133,197337,198161,200690,204392,204511,206978,207985,208761,208768,209617,209887,210794,211373,213915,215720,216769,218306,218694,219055,220273,222728,223366,229827,230807,231056,232473,234076,235638,236168,238486,239874,239915,240820,243332,245164,247265,250299,251289,252153,253819,254982,260410,260593,261057,269536,271071,271462,272858,272878,275281,275437,275876,275917,278347,279535,280098,282511,284076,284148,287293,289220,289508,290717,295936,296441,297258,297638,301072,302425,302462,304114,304632,305577,308676,310844,311579,311958,312391,312910,312956,317485,318085,319894,321263,321817,322262,324436,324689,324862,325589,325652,326121,326166,326189,326450,329652,331573,331928,331957,332019,334372,335601,336291,336708,336751,337531,339684,340001,341630,342286,342800,344493,344521,345131,345613,347095,347198,348377,348603,348962,349235,351743,351842,354238,354603,356509,356513,356529,360530,361390,363312,364243,365796,367029,367106,367419,368566,368889,369021,369421,372809,373157,373745,373978,374522,374570,374573,375960,377287,378859,379700,380489,386190,386209,386275,386808,387770,389375,389526,391147,393721,394989,396379,397860,398089,399304,401912,401941,403561,404300,404950,409425,409976,410652,412164,413453,415174,415727,417132,417162,417935,418675,419818,420361,420536,420565
136693,145745,186421,198161,208317,215707,261045,269370,273946,330767,338731,356045,391829,400552
240475,334094,336708,353716,370496
6585,22891,26719,27068,29750,44804,52147,58001,59789,69299,81380,82171,84283,86895,91328,91398,98686,102516,103314,110731,113011,114551,114691,119627,120002,120129,128216,128408,128455,130068,134977,136351,140114,140528,142446,143919,144585,145269,145745,145879,150958,151403,154539,156583,159898,160590,160914,162985,166452,166480,167225,169020,176539,181790,190168,190462,191843,193617,194173,194612,196618,198161,198259,200130,200690,202711,204039,204042,205328,205382,205926,206045,207880,208146,213915,215707,215720,216744,216769,217452,218306,218694,219055,219214,219718,220787,221408,221930,221939,222324,222341,224017,224682,225437,226872,228333,229827,230807,231165,233598,233800,234076,234134,234548,234826,236135,236545,237727,238878,240168,241092,243623,244281,244367,245783,248842,249220,249432,250042,250088,250299,250329,251269,251289,253819,256015,256310,257044,259348,262469,262546,263784,266530,267075,269013,272871,272878,273031,273406,276664,277619,278354,279535,282511,282890,283448,283568,283844,284076,287037,288552,289220,290174,290481,292853,293664,294524,296669,297569,298447,299600,301072,301400,302462,302759,302881,304114,304839,305438,308056,308118,309435,309495,309496,310842,310948,312724,312910,312956,314480,315923,316009,316242,318018,318108,318689,320182,320434,320450,320716,321151,321263,321817,323643,323704,325652,326005,327815,327980,329107,331957,334066,334100,334372,334947,335224,335280,335988,336291,336802,339840,342800,345030,347072,352712,360530,361390,373556,374570,393637,393721,397087,401941,408591,413296,419607
270203,284076,320401,326189,334372,356509,374570,392145,394989,399479,417175,418297,418917
36350,139716,152518,153536,170968,196534,208761,210794,219055,240608,245990,254982,258983,260452,273031,287229,304114,307945,310844,322262,327790,328044,331616,344417,348453,356529,357943,364243,374668,377560,378381,385644,389526,409285
85555,120956,137081,154659,211887,225095,240777,244869,247184,253035,264749,268848,277056,325365,329222,342724,380827,404566
35153,59841,70384,80242,80668,103361,128455,137592,139897,146393,147196,150905,182794,185004,203448,213803,222084,223786,245990,250329,256686,261662,270203,272514,275701,279787,285299,287610,288917,298447,303039,307160,307706,319224,324740,325392,328044,330060,331542,332029,334804,335195,336601,336802,337296,338453,338731,339652,340001,340360,340726,342835,343414,348603,350652,354999,356045,357102,357403,357433,358546,358789,361157,362809,364568,364859,368889,369590,372644,372809,375325,377590,377923,381965,382119,384156,387112,387885,390490,395595,400294,403622,403684,404544,404566,406926,411223,411234,412887
58176,140446,151307,164481,183601,213279,260638,273260,286240,310187,315042,345350
61455,85555,142042,149147,176459,183532,196330,211887,215032,217121,223416,224805,231178,231336,231726,233827,237826,250945,252057,261740,263151,263784,266493,275119,276639,280462,283088,283106,285831,290535,292853,298447,300183,307113,310854,315091,316329,325915,329679,331542,342116,342724,345926,361157,367627,377620,378699,380257,387770
210491,291873,319461
56712,66027,151403,169358,273130,336736,381149
35927,259348,287617,289508,302800,321263,366229,406536,411354
56489,91328,124594,138359,139424,153536,170994,173904,176539,198161,207985,208761,228121,261057,280098,297638,305577,318043,318863,324436,324689,328752,333056,334331,336291,342800,343116,344048,345613,356509,360530,394048,396144,396167,396379,397860,398966,399705,403103,404567,420549
6585,10108,36350,37463,67010,70641,76169,103361,114403,114873,122181,123388,130640,137488,145407,154358,154512,154990,156742,157802,158262,186591,186903,191019,193159,193528,194150,196280,197589,202673,204312,206535,208600,208794,212620,213311,215455,219221,221993,228919,230957,231553,234548,238702,245756,250306,251176,255514,257103,261662,264719,270735,271586,274212,274821,276519,280877,280889,285831,286922,288258,288567,289132,293497,293664,298212,298447,299032,310157,310735,310781,317485,317975,332029,337943,343366,346257,360868,369428,371062,375198,378924,386923,386937,393637,396291
80668,128788,282511,284076,295936,314480,336708,370496
40389,87875,88542,103361,124594,159139,160914,163597,176459,200690,205926,211373,216744,220787,250299,253267,259579,269307,282511,299732,307945,314480,317485,322501,329715,331910,336708,336751,337531,339297,344521,348603,348642,355698,365057,369021,372809,398364,417545
70098,310842,404371
63543,130942,170968,228201,235638,238868,251846,256869,260276,269553,272624,272871,275876,280134,288713,333715,337911,341025,342867,360904,419564,420545
25122,65399,110783,201058,205965,271563,322262,325495,358677
25122,82338,103361,104873,130995,140114,146954,172686,205328,219783,269570,293833,325652,336713,341162,347072,358677,374570,377867
294193,333394,337051,358597,383969
145745,325652,374040,374570,419564
110783,120002,155863,188019,240346,248051,332494,340001,342774,344521,367357,371688,377962,380738,387128,391612,397428,410278,412639
37700,69299,180550,240475,278931,290481,312667,331928,336751,351575,355574,366830,395595,395943,396998,397209,405108,410453,414476,416031,416805,417158,420545
211373,231523,246263,246994,272871,298447
82949,357060,380684,399304,400615,401044,405789,408290,410622
65313,119193,129264,134223,134479,134977,135826,137075,137488,147196,167959,171289,176542,179631,181918,182784,183022,187674,188739,191194,196330,197743,200417,216099,216783,220949,226120,250504,256686,272402,274692,280876,298447,302451,303192,316457,318451,340828,372644,396800,408742
157988,231553,326189,346011,360504
142446,295216,323589,377735,396800,419026
59950,76616,205328,213803,267184,317376,339297,349235
145745,232473,330479,341519,355570,381051
124388,147196,150905,176459,185004,245174,264839,270868,284010,311821,318352,325365,333782,338731,339406,339652,339797,340767,342724,346711,348603,351743,361157,364859,366581,369242,369590,372809,377590,377931,381712,392091,393099,398667,400680,403684,404670,408747,410849
209845,210980,218852,264719,314112,420295
326189,334965,396758,419517
226613,329715,336929,396878,420272
169358,370903,382119
73697,231165,246780
208628,214259,228761,234548,235605,279218,287284,290717,290757,301208,301712,310560,345554,360904
12664,60194,60543,66174,73191,75370,129738,135826,148195,149558,158228,184894,190168,199158,206978,209959,212496,214316,215215,224026,224513,230981,231553,236457,238299,243046,243047,243050,247437,255689,258678,267778,272402,273350,277548,277615,279748,281708,282921,287452,287578,287665,289986,293497,295878,299032,301891,307080,321061,321065,322501,324649,328193,335187,336479,339303,342831,345554,350240,355698,357102,360957,380776,396291,396998,408742
161157,234548,251254,256858,270468,272858,298447,298812,345554,369242,403531,409746
217121,299732,300735,326189,327613,337911,340828,404540,409389
27068,37932,44804,59950,64212,69299,72240,74765,86895,91398,108771,114765,125263,132313,135569,135917,143851,143919,144120,146393,147071,149646,154539,156583,160590,180054,183532,190377,200690,206978,208653,213915,217298,218449,219055,219200,226380,228201,228333,229827,229877,229900,234084,236532,239443,240652,240904,250329,253819,254793,258189,258983,259348,261738,265041,267184,267684,268769,271745,272871,274307,275653,276213,281677,283844,284076,286168,288106,289220,294856,306975,309435,315711,317915,328044,330422,336291,336802,342800,344493,346711,351743,360178,360530,364167,367450,374570,377867,378903,385902,387770,389526,419564
25122,33016,103361,110731,130068,142514,145893,156992,157641,160309,172696,183144,188019,208712,211032,213256,230807,234548,270468,276631,280134,281848,284010,293664,298447,315022,315988,318352,321124,321263,322922,323007,325254,325261,330422,332726,333782,335195,337296,343366,346257,346674,360149,360868,360904,361715,365573,366431,370496,371357,381149,381177,411321,413841
239440,292831,322505,391829
321263,373415,405789
103361,136958,195626,211280,214970,231056,272871,293497,293664,317915,318636,319136,320277,321263,329132,336751,360868,361390,369383,371688,372809,377735,377867,382546,401912
37968,59950,77956,120267,120275,142729,193159,201845,205328,211032,215110,215704,223958,235638,254124,254793,269028,272871,281766,288917,289220,294524,297066,298169,298447,298718,298812,307382,308043,317984,328787,333080,333394,334965,336291,339528,348165,349134,354245,357640,364560,392152
85944,99724,102516,103361,253819,272871,272878,276148,280371,311494,317485,317975,329867,334479,335988,336751,342263,353634,370496,373237,376518,383192,386691,391319,401426,406021,406370
195965,219055,345450,404567,408017
27068,66731,91679,103361,123698,179406,216769,231165,249605,253819,270468,271745,272871,282511,283278,287656,302550,310844,317485,317760,317984,345350,371688,373385,374570,377287,392091,420272
120956,268675,326079,401912
226262,333391,414345
120582,138359,230807,240475,270443,295936,329715,344521,355574,394989,420365
37856,51109,79977,105430,105453,137592,140337,151403,156995,162477,163597,176459,186240,201718,216769,240297,254878,289220,306435,311928,317485,323643,323840,324902,337051,337531,346420,362837,377481,396878,407444
90346,182730,249605,265255,269922,278920,301085,313463,313469,360226
114765,154465,176376,178734,180054,186240,191109,198161,199376,205382,215110,215412,219214,222533,223228,234088,234826,238769,242507,253267,260287,269013,272624,272871,275870,279748,298660,317915,338453,344430,346257,351743,354361,356509
71705,129738,143919,151384,200391,228222,230686,232906,254878,255689,260819,272402,288212,336124,340015,402333,405357,405358,414344
147175,169358,179703,206978,279535,284076,290717,297258,297638,305577,317265,323643,328044,330422,336708,341797,348590,349828,357386,360530,371853,372085,403699,404858,415713
49761,211373,226262,291455,361157,369021,378903
12664,61455,80726,85555,103361,112101,119418,155731,159756,178094,182730,189539,197743,208459,214328,218295,219060,219956,229205,233138,234712,236216,246033,249310,249639,253174,253267,256467,257797,260387,260712,262578,262831,266290,275627,289132,290481,291745,297929,298447,299193,300183,310854,338731,342724,343755,344888,366001,372809,374094,375966,381149,381838,403103,406648
17350,18253,22891,23319,31883,48442,58001,59841,67010,78204,84368,110783,125875,129264,129473,130068,130942,138359,138777,138954,141872,145745,151307,155283,159898,160309,160914,166452,169009,169716,170994,173305,176659,176957,184060,186462,189539,190003,190156,190722,192747,192755,194434,195597,197337,197743,198161,200640,201332,201578,204817,205466,205926,206154,206406,207489,207880,207985,209222,209617,210330,211280,213255,213311,213896,213915,214942,215085,215110,215705,216744,217256,218692,219182,219498,221950,222324,222728,224460,226134,230686,230807,231491,234088,234826,243332,249220,250042,258080,259542,262469,269307,269566,271993,272402,272871,275291,275320,282511,285299,287518,287610,289217,298447,301072,304114,310844,312391,313695,314480,315711,316540,320739,321039,321758,324827,329039,329652,329960,336751,337911,358546,361390,365521,368825,369148,369421,372809,389526,393431,401941,407996,408675
17762,22891,74765,89719,91316,102516,103361,106482,113011,139424,147175,152309,154539,157382,160914,166452,166457,170138,170968,172712,173305,194173,198161,200690,206428,208761,208768,213675,216769,235638,241782,245079,261057,288297,293497,294325,297258,299600,304114,304839,305577,308676,314480,317318,319136,320450,321039,322004,324436,330464,336751,345977,369831,374570
91767,109842,145269,184887,222937,234548,250934,253267,259348,323589,402443,412248
85555,130068,149147,180424,183532,196330,204230,210384,216229,225095,229012,230686,231178,234076,235683,236216,241486,244996,247840,251359,262176,263784,265950,266290,272116,274774,275606,277619,283106,286952,287635,291745,293375,296031,298227,299193,300824,307002,307008,310854,317738,317879,325365,331542,335988,338082,342724,345926,355089,370686,374501,380257,410899,411179
269589,299732,300735,317915,337881
12664,25162,60543,67984,80668,90635,103361,108332,112101,130068,144585,145745,163597,179631,213066,213953,216098,218366,219055,222717,226687,228681,234134,234548,234595,238868,239443,247892,249220,254793,260287,263200,267564,268869,269237,269307,269566,272516,272871,272878,274603,274774,279053,281528,283632,287284,288512,293664,293961,294019,296536,296725,297257,297259,297992,298447,299032,300735,304314,311928,314480,317485,320799,322004,322464,324740,329960,330815,331542,334206,335246,335516,336751,337744,338731,340726,351743,355698,357102,357333,360904,361390,362545,364772,366309,371688,372809,374788,377735,380684,380973,381149,383192,383969,386937,391829,395881,399551,408591,412248,416867,419552
210915,282511,334331,344180,345613,360530,374040,393509,397860,399705
204461,287665,413296
327440,353013,408682,409580
192593,208737,292990,317533
26719,56712,85555,90635,96730,109290,120002,120749,124388,129458,130068,142042,147339,167225,169625,176587,184220,184887,190291,196330,197743,200417,208296,208653,208737,210384,211373,211887,215215,215221,215294,216229,217452,222728,225095,227358,228007,234076,234134,236216,238878,246883,250504,250945,252057,256467,257103,259359,259579,260384,262831,262976,263784,266290,266441,270057,270285,270665,275182,276019,276515,277056,277150,277619,279910,282852,290535,291300,291745,294019,299674,300183,300734,302501,312700,312851,314971,315091,318689,319075,323840,324827,325450,328768,331719,332154,332517,342724,343414,353572,362809,367627,372809,381712,381838,381965,401845,403103,405495,406648,415718
108771,142031,202711,238868,279530,315711,344048,348250,374501,410899
99411,134479,134977,137871,212759,258661,279535,332997
130068,143104,226566,315988
171,152518,410899
30751,33514,35927,54117,56877,59841,66027,70377,85555,100155,112176,120277,120370,130068,145745,154278,155731,158298,175524,176459,178593,179631,180887,181849,182443,182771,186421,188484,193159,194150,196330,199231,201718,204465,211130,211640,212251,212496,212951,213067,213246,213803,214888,214942,216058,218694,220949,221066,222042,223228,223761,224631,225428,226120,226807,228761,230577,230608,230834,234500,234548,237119,238299,238953,243059,244209,246033,251846,252057,252237,253114,254878,255349,255364,261330,264176,265773,266290,271337,271985,272402,272858,273918,274603,275534,277056,277368,278304,279798,282452,283379,287632,289763,291970,293301,293766,293775,296462,298447,299032,299435,299732,301085,304573,307160,311821,312368,312914,312970,316934,317008,320277,325915,326816,327229,328708,329662,331193,331616,332181,333483,334716,335988,340289,340617,340969,342724,342844,344366,348207,349342,350325,353947,356842,360151,363543,364880,369208,370492,370496,375955,377481,377735,380084,380257,381051,381712,383845,388803,391119,395453,402834,403277,407376,413112
145555,230807,299732,357433
70377,91328,103361,106631,137592,213311,242507,244200,250299,253819,272871,282511,317485,321462,321834,331910,336751,355698,361390,367617,369021,372809,373237,377287,377867,378903,383192,403763,410899,413257,413540,416550,417261
224460,271993,396758
85555,119627,147196,206480,210794,214427,216769,219461,235605,238159,240393,243406,246033,252057,253267,260505,261330,266290,267892,284728,288081,288917,293972,295241,296508,300183,301404,314358,328641,330767,331542,335988,336802,342724,370496,377931,380257,406682
108332,282503,412248
110783,127250,183532,198259,229827,244367,370496
165282,172168,187829,191843,223228,226380,230807,230948,240838,251846,279708,299032,315014,332029,340001,347020,350240,371062,381149,399422,402072
7785,12629,26719,26969,33514,56712,81953,98197,99724,109290,118960,120002,126670,174183,175854,178094,205328,222802,233975,259348,279708,283778,285965,286612,300450,320716,325495,327414,340969,341487,343062,346934,347072,354454,391319,393130,394453,405358,411401,417586
134977,329920,331474,346711,360774,368610
12628,41163,103361,134908,156004,156397,177574,180583,188019,193159,199231,204312,210980,234134,286516,313157,319131,333394,347072,364167,386271,387999,408742
143139,272858,326189,340027,419824
130518,143851,216769,250171,250504,267684,267942,278544,280578,283844,286956,334965,343164,394989
26719,79645,188484,223006,226129,230554,254124,357469,419552
56460,112284,273918,274774
326189,370332,412248
206428,327414,355574,404349
79645,120749,397559,407444,419552
123369,352036,419552
26719,67046,91110,99724,221452,223006,266498,268405,394870,419552
157276,202781,275608
70377,103361,113433,128788,137592,194285,197743,253819,272871,276673,298447,307945,317485,319311,331910,372809,377735,393637,398966
85555,103560,156995,198161,200690,208761,209617,234076,256310,284076,289508,290481,315368,317533,322552,329216,331957,334875,340425,340782,377764,401941,416601
41163,224026,245591,268380,288725,291185,298447,341162,410899
239443,370483,377148,410899
179631,294524,410899
98686,245694,262763,310844
21894,144585,179631,223816,235637,270665,410899
21894,31883,189858,258801,270665,336977,347017,347405,353215,367632,391533
105848,219214,256043,327373,350728,408017
354603,355560,355570,361390,366830,374501,399705,411354
176957,231165,306819,351183,353167,373783
56489,118960,202673,226613,253267,256512,349134,357640,360868,373557,375923,377481,388803,410899,415796
200970,208761,276664,322262,325589,354603,372085,372809,373157,375325,389526,393637
242507,268680,287878,336235
160914,210794,272871,307382,330146,363188,365796,373364,392145
103361,106631,130068,182771,219781,234826,253819,272871,275870,310948,317485,344417,357433,358677,372809,377867,383192,389526,404567,404588
171,12664,26137,29750,31883,37700,77956,78566,80668,83593,85555,87287,88490,89719,96730,98111,99863,103121,103361,107030,109086,114403,114873,119627,122181,128931,133703,134223,137081,139897,140662,141872,142042,143455,144132,144585,145160,147043,147196,151238,154278,154574,162477,163202,166869,172168,175775,176459,177486,180386,183144,188687,188739,191080,191109,191194,192747,193851,197726,197743,198161,198959,200497,201058,202353,202821,208533,208600,208653,210384,210980,211887,212072,212251,212416,212640,213067,213246,213863,213896,214633,215032,215110,215442,215455,215705,215720,216226,217221,217338,218852,218854,218897,218909,219060,219249,219294,219461,219605,220145,220273,220346,221556,222732,222937,223228,223416,224409,224632,224682,225095,225983,226286,227141,228905,229209,229877,229899,230577,230608,230807,230828,231178,231553,233699,233827,233975,234076,234826,235637,237051,237200,237565,237826,240016,240297,240820,240988,241982,242496,243060,243623,244281,245756,245990,246034,246065,246082,247101,247261,247280,247840,248230,248670,249914,250357,250579,250947,252057,253114,253267,253549,254524,255318,255363,255693,255753,256467,256869,258080,258189,258299,259282,259348,259579,260384,260414,262475,263200,263224,264549,264749,264816,265950,266441,266493,267698,267782,267881,268904,270203,270285,271996,272402,272516,273508,273945,274273,274307,275307,275653,275859,276311,277056,278176,278544,278622,279053,279614,279748,279785,279910,280371,280434,283557,283568,283678,284010,284629,285331,285831,286516,286952,287284,288081,288512,288513,289023,289137,289990,290481,291170,291300,293375,293686,293972,294354,294754,295241,295937,297560,299039,300209,301891,302814,303192,303350,303506,305817,308362,310560,310624,311821,312368,312960,313129,314358,317984,318678,320201,320229,320337,320480,321124,321758,322874,324826,324880,325200,325365,325495,327229,327613,328000,329222,329679,330767,331834,332170,332997,333394,333782,334752,334947,336223,336641,337094,338221,338731,339406,342116,342724,343448,349342,350990,353572,353750,357102,358585,358789,360151,361157,362703,367419,370496,372727,372809,373037,373783,374341,374501,375742,375938,377620,377735,377923,378869,380684,381016,381965,384156,385519,387202,387770,391654,395095,395244,396379,396527,397087,398865,400680,402443,408675,408820,410421
12664,55273,59261,66027,66961,70615,85555,88790,114765,120956,128455,133645,137075,143455,145745,151238,154574,172610,175790,176459,179631,180386,183532,188687,188739,195753,204461,206940,206978,208357,208533,210980,212072,212690,213311,214633,216378,217338,218897,221452,221926,223228,224026,224409,224805,226660,228007,230577,231553,233959,234427,236216,237051,239915,242438,244869,247261,247840,251726,254793,256686,258080,258167,260414,261662,263200,263224,263254,266290,266493,267698,269375,270868,273918,274307,276019,276611,276673,277548,279787,279910,280168,282528,282852,283974,284629,285831,287617,288794,289023,294135,295178,295241,295878,296508,297560,298227,298447,301315,303506,307160,310163,311784,312667,314968,316067,320000,320351,324116,324880,326121,329679,330996,334752,336106,336713,339866,342724,346711,348250,348603,349184,351743,353750,357708,358585,360151,361157,362809,364560,366581,368889,369066,370496,373037,374501,375080,380827,380909,381748,381838,381965,384156,387770,393741,395595,401845,409819,412887
142729,147278,170968,179162,183691,190054,201718,357403,404227
103361,381149,391095,410899
91328,137154,145745,179864,209887,284076,294019,320450,324689,327613,331474,334875,336291,346711,349909,356509,357943,360530,379607,391844,393509,400220,401180,408017,408726
33514,85555,154574,184352,188739,194150,225095,231553,251359,252057,270665,279910,299193,315091,331594,335988,338946,390490,393099,407767,408820
26719,81953,99724,155395,286612
369021,383402,404540
17350,29137,54386,58001,69299,77748,80242,83151,84368,86747,88490,91328,91767,98086,98686,100735,102516,111877,119193,130068,134134,135251,136351,136958,137581,139797,145044,147278,154539,156583,157988,159898,160914,166074,166370,166452,166455,167225,169009,172954,173305,173904,180054,180386,180970,181882,183088,185348,189713,190003,190377,190462,194173,196133,196534,197337,198161,198259,201857,205382,207540,207985,208761,208768,209887,213255,213268,213915,214309,216769,218694,219055,219200,220273,222324,222341,223444,223480,225006,226881,228223,237044,238662,240475,240921,241018,244141,244367,244863,249508,250171,250263,250329,250934,252212,253651,256310,257044,259348,260384,260593,262037,262469,263146,263224,271300,271828,271993,272470,272878,273406,274307,274517,275917,279001,279675,280889,282511,284076,286154,286833,287885,289268,293672,294350,294524,297459,298353,298447,299214,299751,302462,307814,309435,310844,310932,311579,312724,314480,317472,320025,320771,322552,324436,324689,324827,324894,326121,329107,329642,331473,331474,331957,332019,333080,334372,336291,336802,337911,340842,342286,342850,344888,345178,345613,346011,350990,354238,357063,357193,367029,374570,384374,393686,394412,397860
279787,342724,391587,392211
120267,178017,234076,281766,397428
235637,266493,269566,298341,322874
88542,200690,208761,230807,293664,326189,339684,342800,355698
55715,75281,120002,141420,180386,274273,280134,324436,326189,340333,344166,354603,374570,393431,393637,396379,398959,400634
174046,176539,181790,200690,262469,270443,324436,325589,326189,329715,352631,378144,394989,397087,401941,404306,406628,418189
133995,278347,374040
154575,253819,291873,336601,355698,374570,377481,377735,414984
26969,76227,85555,99724,111068,118960,130640,137592,147595,172314,178017,202790,213676,228121,234076,234548,235638,239453,241092,247040,250171,258299,284010,284629,287665,310842,321922,340769,347026,401426,418544
109904,208533,210794,231165,271631,334804,413841
134977,154575,290717
25290,26137,55931,56489,57140,61455,70384,85555,91767,95994,100155,103560,107030,107058,111004,124110,137081,137592,149543,154358,156048,158262,162477,172130,183661,194250,194285,195981,200830,201207,201911,202353,203270,204268,208357,208653,208762,210704,210710,211876,213031,213803,214888,214952,215215,215643,215676,216226,217219,218341,218366,218852,218909,219060,219200,219781,219822,221452,222169,222717,223228,223576,224026,224064,224409,224632,225095,226151,226262,226286,226349,227442,228201,229205,230918,231523,231553,231624,233973,234090,234134,235683,237051,237727,239330,239440,240777,240838,244863,246523,247101,248291,248564,250088,250171,252057,255753,256467,256686,256807,260414,261662,261690,262715,263224,264719,264749,264816,265950,266493,267782,269589,270958,271311,271563,271631,271996,272514,274307,275701,276019,276081,276148,276311,277509,277619,278544,279640,280578,280876,281848,282147,282531,282855,283379,283568,285831,286168,287665,288512,288513,289023,290757,291170,292831,293927,293961,293972,294135,298447,298812,301315,301404,303350,303506,304633,307193,308362,312368,313201,316345,319136,320480,320799,321124,322505,330767,330815,330827,334752,336106,342724,344048,359133,370496,399304,405397
37856,91328,102516,127101,133284,137263,159898,160914,190462,194415,198161,244141,273031,296441,326189,327613,334094,349828,373556,373783,398959,401648
113011,229827,284136,306131,374570,389526
17386,25122,76616,88673,380992
66448,145745,146362,147175,154575,160914,180110,186064,186462,190462,197613,202673,207880,209887,225437,232473,234134,284076,285299,302425,324689,328044,330422,336291,355089,360530,369831,371811,401941
83899,209024,233827,303962,307323,307992,329444,378261,418838
91328,145337,166452,198161,207985,224460,279675,296029,296441,310844,342286,342800,348781,399594,401941
126666,127250,209845,212496,242175,253114,274064,315091,319444,321840,402985
70377,80668,103361,150619,269307,272871,283803,290481,293664,295878,317485,332517,333815,355574,355698,369021,373861,383192,396582,402432,406682,410899
137592,253819,323589,377735
22891,26719,31883,40124,53106,59950,66027,67046,77366,91328,99863,102272,102516,122807,126666,140451,141452,145555,145745,149413,151403,154990,168006,172168,175775,176306,176659,184887,186240,190722,192321,195104,196631,197726,198161,199376,201718,204817,205382,205859,208712,210980,211279,211280,211823,212714,214408,214901,215110,215412,215455,218897,219214,220269,223576,223958,229508,230537,230807,231056,233314,234548,239440,244067,245990,246082,248564,258876,264857,265041,265072,272516,272871,278347,281848,283682,294524,297183,297196,298447,298907,299600,300943,304190,304265,310076,312956,316994,323750,329429,348534,354572,356513,357403,367596,372444,378381,393637,402333,408742,408820
167283,205328,234076,250263,278176,281848
61455,85555,102677,109086,130640,147196,152759,189114,194150,208653,210902,214427,215333,217452,218911,219822,222084,223228,223416,223431,224805,225095,229899,234076,234548,238641,244869,245079,250225,251726,254857,258167,260732,263151,265950,266290,266493,272420,273407,283678,284010,290717,290773,293972,296031,298292,300183,300464,301315,304637,307460,314112,320716,326816,329156,329898,335988,342724,358789,366581,377620,380257,387770,390490,391654,391924,395265,395453,396249,400510,402027,406682,410899,412279,416413
215215,268074,315562,321054,321061,321065,321069,328403,400885
54386,59261,66448,74765,78566,80242,91328,108752,115050,130068,134977,145160,145269,154123,159898,160914,179879,186462,186898,189713,194415,196618,198161,198259,205926,207880,208768,213915,216744,218694,218923,219055,221901,222324,222341,222728,225437,227368,228333,229827,230807,231056,233598,234076,234134,234826,235408,240838,242507,244281,245079,246068,246070,250042,250934,251269,251289,257044,258983,259348,260593,266975,267184,267564,268979,269013,269566,271993,272878,277275,281776,282511,283568,284629,289268,289508,290649,294524,296441,296669,297638,298447,298718,299032,302425,304114,305577,309435,309928,310076,310842,311489,312956,314480,314557,315921,316044,316560,317265,320450,321462,321819,324689,326005,336751,341040,368959,394989,404567,410652
62626,70615,341162,344417,373415,377310,389880,393130,396998,397013,401426,409213,409540,409689,409867,410523,410899,411631,412887,414344
35689,70377,80668,82788,103361,116963,130068,138777,145745,195597,205328,207985,216229,226212,234076,234159,234826,250299,254124,257044,260287,269307,269566,272319,272402,272871,272878,282511,284629,287610,289217,290481,297638,304839,311489,313695,317485,331283,336751,340258,340509,344521,346630,349131,355698,356058,358496,361390,369021,372809,374570,377867,383192,395814,396379,403561,406682,413112
56489,66448,91398,137154,138359,145745,147175,153536,169358,186064,186462,190462,194415,209887,213915,225668,266530,275281,284076,302425,312910,314480,320450,324436,324689,327613,332019,336291,345613,354238,360530,364994,369798,374570,391712,393509,394989,400294,401941
160914,162985,190462,194415,197613
225006,228223,294524,310844,312724,323967,370445
103361,137592,210384,265072,271176,277548,315988,368610,382661
103560,108332,162477,197337,284076,337483,340969,347129,355627,362497,404181,413782
31883,48442,102677,104873,105430,111391,114506,135917,138359,138736,145269,157126,160309,160342,169794,174839,179477,196631,198161,199376,200497,201718,204039,204042,208712,214408,215110,222752,225324,225955,231523,234006,234084,235593,240888,243387,255217,272871,335663,339297,372809,380684
14375,29754,34135,72240,78126,120277,204039,213827,214419,214806,221281,223904,226572,237851,266246,273260,275323,280168,280434,295241,297432,311700,343659,360824,361157,387770,403684
137154,155467,209617,216744,276673,319894,329216,336708,342800,358496,364167,367149,390776,405114,418297
58675,267684,324436,337881,340001,393741
171,10108,25122,26719,31389,49761,66174,110783,145745,146362,150619,154539,181790,181918,186260,186903,198161,199376,219055,219200,271563,321922,323947,331928
114691,254793,284629,310842,310844,311489,312391,315368,331928,334331
276664,281848,321263
85555,147196,204139,223228,228858,240435,261330,264816,270203,276311,285831,286952,325365,325589,332726,332997,342724,351743,412279
332170,332876,357060
107058,195905,321817,325589,365501,380824,393637,393721
218858,269366,277388,373660
320716,342774,356873
33514,109985,115412,121982,134977,143104,154575,170535,193159,230807,234076,234500,235638,269028,278347,290717,298447,299600,303405,304632,317890,321039,324009,331595,335280,336751,340001,349235,354238,374570,374742,375780,392230
134506,287463,299600,319891,332997,340001,368610,372727,397428,417795
250299,272878,278544,372809
45102,83960,88790,103361,147071,201058,206978,230807,251846,253819,268680,272871,314480,317485,318317,333394,336381,336751,344417,377867,379700,380684,383192,402173
69299,86812,91328,105453,112326,137154,142446,145745,163759,179162,201718,204042,215110,215720,222802,229933,253819,259348,269307,314480,323750,333394,336708,336802,342867,344067,344180,369503,403699
346775,360904,417795
140068,238559,283974,353634,356045,368610,404436
12664,44804,48442,55273,55931,80668,85555,139924,147196,152169,154358,156995,172168,175790,185416,199158,199420,204230,204268,204323,204731,210710,215707,217452,218541,219284,219461,223416,224409,228856,229899,234088,235593,237826,240891,247840,248564,250357,250504,254352,255359,258080,263053,263224,263784,264939,265637,269028,270285,279748,283541,283844,284136,285689,285831,286850,287617,288081,289506,291745,292831,293698,294019,296031,298169,300824,304637,310854,321922,324880,325365,325495,326816,330815,331542,333775,337507,339500,342724,346091,356164,357102,370496,372562,373037,374341,375966,380257,395071,400680,410622,418165
114765,210980,218121,400885
85555,103121,120267,124388,130068,134977,137592,144132,147196,154574,158730,179631,188739,196477,197743,201058,204461,204465,206154,208600,210384,210671,211887,213031,215720,217221,218295,219588,223228,223786,224632,224638,226120,227141,228201,230981,231178,231553,233827,233975,234826,239824,242175,244869,247065,247101,248291,250579,252057,253267,256563,260384,263224,264749,264816,265950,266290,269028,269566,269626,274307,280434,282528,283088,283106,284698,285831,287284,289023,295178,297560,298227,299039,300209,301891,307160,314971,319075,323643,325365,329679,330827,331193,334752,335988,336124,338731,339652,342724,344632,346711,361157,362809,367627,370496,376884,377620,380684,381712,383845,394753,396758,403103,410421,412887
226613,271337,317533,401845
315086,357060,398966,409536
69908,134977,170535,172660,179406,180054,216769,222533,276136,284136,298169,304632,314480,324229,326189,329679
68759,80131,127327,269589,284136,329679,342263,386209
272871,307193,336802
29137,225173,315368,329222,336235,362837,417875
82788,154539,204086,207010,240475,271745,275870,279530,300203,306512,310063,310844,312391,320450,329960,335893,340001,354603,355698,360178,372444,373406,388521,399544,399705,403561
134977,157281,190111,193159,272402,298169,317915,330464,336223,336631,336802,339297,374573,377867,396379
234548,279523,414313,417072
12664,103361,119418,120956,179631,211280,219294,221035,222272,234090,235637,254511,264839,266083,273493,274603,405397,409746
317533,370844,376384
27068,61455,65399,85555,106382,109086,121750,140662,143455,145269,147196,147339,167907,169367,184771,204731,207714,208357,214108,219055,219461,219783,223228,225095,229931,234427,234855,240414,252057,253267,254484,256467,263151,264816,265950,267684,274692,279910,283557,284010,287632,287665,288917,291300,292853,300183,301891,305188,316345,324177,331542,342724,349819,351743,361157,361390,369590,373783,374341,377620,377770,382512,384156,391654,396527,397837,399304,406682,410899
143553,186260,191843,199376,218121,223761,225166,234548,272116,284136,285286,316938,318733,353167,408591
12664,21894,145745,151238,189824,200109,216709,238747,254594,255363,255973,271930,277148,290999,291970,293375,299039,301935,308794,312970,336802,344417,357102,360904,364167,364880,368995,374501,377757,385810,391416,394564
45604,85555,93694,103361,126072,130068,134954,137081,147196,147907,188739,190173,190291,196330,196600,208574,209746,214743,215707,217537,219781,219783,220949,222311,222324,223228,223761,224409,225095,231165,231553,233973,237826,237991,246033,247040,248291,250357,251726,252057,252212,253174,255569,265950,266493,267892,270150,272658,274821,276229,283568,284136,285286,295241,297560,304637,305061,307382,308036,312851,317487,317915,322964,332044,332046,335988,342724,366581,375780,381712,381838,381965,384156,404544
49761,58964,60236,76169,80242,91328,100578,113433,145745,160914,163597,170968,180110,181506,235638,239330,250042,254793,258801,272402,272871,273406,284076,285299,290249,294193,302800,306512,307945,310842,317915,320731,333056,336116,341738,343116,345050,348781,349086,355698,365796,366581
37856,85555,129418,143455,147196,151238,188739,195981,204268,204277,210671,214952,215333,216229,219058,221452,223228,226816,227141,227395,229899,230577,234548,237051,252057,257797,258167,258711,262715,263784,265950,267625,284010,285831,286850,286952,296031,300183,313519,314112,315711,331542,334752,336106,339406,339652,342724,343426,348603,359133,360151,367419,369365,370496,373037,375080,377590,380257,381712,393711,408675,411179
84478,225428,226211,248023,266961,284403,297356,345657
219294,239326,402985
34908,45362,110783,215455,230640,234548,336741
229209,302087,413782
174893,195965,312724,324689
148255,150619,173347,198161,201461,208761,219055,222728,240475,253819,271071,284076,312391,320337,321817,334947,336708,336802,342596,369021,373157,377867,391147,397820,398364
272624,320000,356591,364167,369148,372085,381637,384887,387770,389375,390328,391614,392470,398364
103361,250299,253819,272871,288297,317485,322501,357433,358136,369021,372809,374570,383192
31883,33514,85555,91767,103361,108290,113011,114765,115412,121750,129185,129264,136958,142356,145665,147196,147446,151137,154854,156048,157382,160309,160914,166932,167225,169009,170874,175189,177486,179479,184060,185416,188739,190003,206978,210841,210902,211024,213896,214328,215707,216226,216769,218694,219956,223206,223228,223958,224632,225095,226681,228007,228856,228858,229900,230554,231726,237911,238022,240346,243723,245430,246186,246290,247846,250171,250357,251846,252057,253267,254145,258167,259348,260384,261740,266441,266493,272966,275119,277721,283379,283557,285831,291170,293972,296031,298447,299193,300209,301085,301315,304314,304637,310163,310854,321263,329222,333080,334947,335988,336255,342724,342831,342844,342867,358789,361390,370496,373037,375742,381712,391404,391654,414889
179406,299732,321263,336708,346674,399304,416402
115050,231553,284076,409285
17859,26696,224064,228645,336687,354193,365719,415472,417701
60194,85555,123698,216769,223228,225335,226681,234548,234826,241486,247101,252169,253549,261330,262501,267698,269459,270285,303064,304637,322642,339481,342724,362003,381748,387770,387885,395071,406926,409819
65399,95994,119627,121010,171104,180583,217380,259359,288081,295937,302773,303847,331838,336255,342724,350484,353950,358677,373783,375370,377557,381712,381965,384156,386507,390490,398487,404544
199158,289220,299732,373978,399304
130068,137581,207612,218694,238868,377366,392168,417898
327613,372085,395599,417935
154465,186240,193159,204930,231165,298151,326108,377867,413782
17564,26719,145407,280578,358677
106631,109842,122807,191843,212174,229209,254524,274064,313157,313473,342416,347235,369421
71705,85944,173333,180583,199528,208146,235303,295937
19324,216769,388521
359816,360188,368889,377727,405284,405458,413112
26719,42111,44804,161102,186277,209967,215707,230495,290481,294019
195638,325589,336751,361390,377236,404654,411316,412248,416867
21894,144132,227141,244941
29750,326079,387770
91679,108561,126666,182771,237826,250947,320716,336751,359162,372809,382119
171,8119,12664,72240,85555,137081,149680,154574,169716,179631,188739,195753,196330,209959,210671,211823,211887,214888,215333,217521,222717,223416,223789,225095,226660,226816,228761,230554,234411,239326,241486,243623,244869,248670,250579,254352,258167,260505,261690,262715,265950,268153,274273,279910,282528,285831,286516,288512,290926,298812,299732,299975,300209,307460,312960,313129,331945,334752,336687,341601,342724,351410,367419,370686
171,66961,375431
6796,26719,53658,108120,121982,124388,125263,128455,129418,130068,139897,147196,163627,175790,176376,176459,180386,215215,219662,226380,249090,262578,279748,279910,284010,285331,291300,311809,312700,312729,313695,315711,325365,331028,335280,342724,343134,343414,344430,346164,356164,361157,364560,369590,372085,377764,379027,381712,386566,387770,393099,393711,395265,401845,407376,415973
28685,167225,204930,215707,250171,260384,348534,389529,394048,416326
96466,99724,108290,126072,130757,176376,183154,183691,283278,286745,329681
171,14937,129458,147196,179631,184165,190291,196330,217537,220389,230828,237991,250504,258546,280675,282528,284698,302408,307488,327323,332989
171,17386,21928,26719,84802,103361,110783,117889,129264,142273,145407,167225,178017,192879,200970,205328,215293,218694,224632,230486,230807,239281,247776,272871,273918,290481,297638,298447,320716,325578,329429,340001,357326,364167,369187,378903,383094,396379,409425,410899
171,140495,172311,217422,239281,320799
171,27292,248842
25122,80202,103361,104940,108290,111339,120956,167791,201845,206479,213031,214403,218341,234076,240486,255693,255753,278544,279787,284843,295241,298447,299032,304632,309393,311700,316844,321263,329191,333350,335945,336458,339866,342867,361157,372727,402209
14876,117422,120956,202673,260384,274307,324880,330767,352432,368920,376884,377923,389595,390835,393741,412352,412887,415973
78688,180970,412887
85555,120471,137592,173368,214952,217920,217983,218295,223431,224026,229769,242038,245132,250947,251004,252057,266290,269307,278347,282170,285831,288794,302501,318201,324436,326004,333394,336802,342724,344076,351455,354537,373037,378869,386209,393637,409819,416867
88375,117834,157802,175775,217452,253966,271870,314112,336479,338731,403684,406705
40256,56712,78566,83960,112326,138037,147196,191843,196330,206154,215192,216769,225840,226380,226807,230308,235593,254352,254510,258167,261662,265637,272777,273918,281848,288558,288664,315711,322611,325365,335195,337688,338731,342724,346993
130413,193749,296508,362703,394320,401571,409106
124388,308362,342724,380257
169794,204039,215707,358546
64075,150958,401845
58251,237851,273945,346153,356049,360904,367193,384156,395943
81380,229899,265763,266441,279530,292011,294354,297929,313468,349134,363184,376384,404181,412248
130864,251254,254878
66448,83151,156583,170968,189713,194173,205382,213915,218541,218694,219055,225006,226881,228201,228223,236654,239261,244367,251043,252787,258660,267635,269025,294524,296029,297223,312956
55715,69299,103361,120665,129045,138777,145745,181790,219055,253819,260593,267075,270443,272871,272878,276790,290425,296441,302425,304632,312724,314480,317890,324436,328044,333056,338221,343116,355698,361390,367029,367617,376579,380084,381149,383402
26719,145407,314112,339866
226613,235635,290717,336751,368889,380084
188019,213031,298447,336641,336687,378381,389595,415666
238486,298910,408880
256106,402522,417187
235638,253819,332154,372809,377236
171,61455,85555,94107,108332,120267,131100,137081,143532,147175,148195,154574,179631,187938,188739,205859,210080,210384,210902,216769,219060,223416,225095,228437,228856,229848,233973,237991,238747,239440,240891,253549,258167,260290,263151,266493,270665,276019,283379,284728,285022,285831,286952,287632,289132,300209,300450,302425,307460,312368,313519,321339,324894,325365,329222,329679,332989,334939,336977,342724,343366,366309,366581,374570,381712,381965,383364,395071,395244,407376,407510
25619,85555,147196,179631,182794,205328,210980,214427,215447,217537,219822,220389,229012,237826,237991,248670,257044,265950,266441,270150,277619,285831,293375,307460,320450,329222,332989,338731,342724,345926,346420,370496,381712,385051,393711,402443,403103
254878,270468,413713,416031
280098,299751,355698,372809
147915,291455,292990,343366,394989
26719,118960,209656
56712,98364,108290,110783,120749,122482,135826,140248,170968,199376,230597,234548,250947,267812,281086,302115,308816,320716,327613,376884,386209,387202,387778,396379
377687,396379,401044
197100,234076,310641,321765,381943,412248
70641,118746,127810,129418,224106,267572,267812,274603,277576,333477,338991,374651,412248
144585,215110,412248
25612,59841,78126,108332,127250,130068,176306,184771,198259,202673,218897,224513,225983,239453,242507,244941,253267,253568,262615,282511,308583,309852,311928,318054,340726,340969,354999,381149,404544
26969,31883,65350,96505,134660,172168,180386,196534,206154,207683,224026,224632,254124,264719,265136,269013,283527,299032,301085,334947,336708,364568,369148,373485,388719
103121,129910,209610,214942,224026,226286,249432,266441,279053,284568,408515
200583,228761,370332,412248
81027,140451,154575,170535,213311,238486,275413,290249,298910,320771,329679,348165,357795,410421
73550,83855,183661,205264,250254,306797,313526,316457,403763
191785,216769,388494
214743,340726,380257
9105,44804,80668,109985,125263,137592,170968,180054,186240,186707,193159,199963,201718,210980,215110,226134,227822,230686,234076,239440,240888,242493,246243,248842,255488,272221,307193,326787,333394,336145,336802,337507,339297
11664,178974,179631,196118,199231,206406,210671,210980,217041,221035,221661,232218,234548,239440,239453,276148,278431,304573,326997,334182,337688,341487,348603,351743,369332,372085,378193,380084,408742
60543,180896,192747,195955,199231,201723,205756,212456,214942,215032,215085,215412,216650,216709,217782,266083,290422
157434,202821,287284,410197
103361,137075,144585,176542,234548,253267,281848,298447,307462,308801,320201
54113,82753,85632,121982,130068,134660,198259,206978,210980,217452,223761,253114,254352,267564,271337,272402,307945,321263,373463,408515
148696,180325,297266,301712,406705
336120,397351,406682
70615,85944,149095,395265
335195,336802,355698,361390,375850
162477,226134,357403,409344
66448,87809,91767,114765,119627,156583,198161,204547,214328,219214,224026,224460,226286,226881,233603,234006,234076,244367,246082,251383,260952,282511,284629,319813,356182,412860
58251,80242,87383,182503,294354,305577,310842,325495,329608,329679,330767,334372,334947,336291,343359,346220,348699,355574,364568,365521,368920,374040,374570,377867,382761,387770,391095
196216,235637,313463,413108
18235,85555,96466,139857,149147,176459,191843,211249,213896,216378,218858,220273,223416,225095,226613,226660,228856,245777,248133,251359,253267,254352,256512,257182,269370,276019,277446,282528,285831,286952,287665,295241,296508,299600,302462,311809,321758,326816,327228,328000,330827,332333,342724,356802,377931,380257,406682,410899,416036
154485,193159,194250,308583,372809
109290,154358,177935,203552,208484,223761,234548,312700
230613,274774,368610,381051
12664,85555,89719,129418,134954,188739,196330,210902,219783,233973,234500,240820,246033,252057,257182,265950,291745,296031,298227,298812,299193,310854,315091,319304,326816,335988,338946,342724,358789,369590,370496,375370,391654,406682,409819,411223
31883,36307,47951,63959,65350,66027,109904,116963,117684,134590,157281,158424,163020,170968,172168,177520,187238,190003,199376,210478,217388,217452,221993,228201,237785,251383,269394,273130,299032,344166,361493,371871
353634,360868,361157
220787,234076,263254,319315
76166,105453,112101,124338,144585,154895,198161,208653,230686,234548,236532,250171,250947,272871,273031,284136,290757,293984,294193,298447,299032,302800,303366,312914,312956,318018,319461,321263,323807,324902,325652,330767,331542,331604,339297,340333,342774,343426,361390,374040,381149,396291,402072,403561,404664
19349,37968,54117,64184,64307,99855,100945,128931,130757,138872,145745,185348,209967,210794,219055,219498,226134,226863,226881,231523,250947,272285,274603,281848,287665,303364,305858,319311,320277,329216,334372,356509,359162
215293,261738,294354,334206
88542,105453,134143,137592,152410,226613,236009,244200,263224,269307,279640,283541,315091,319444,349672,350172,361157,369148,394438,395175,403103
189713,218897,308043,325589,340333,346630,354603,389526,392383
12664,61455,85555,103121,103361,119418,120267,120956,123388,124641,139897,154465,184134,188739,189884,206480,208653,214328,214842,215705,218242,223170,223416,225306,227395,228856,231523,231553,232784,234090,234548,235592,243387,243623,246263,248291,251846,258167,277721,277992,283379,283527,283849,290481,290717,291745,292990,298447,300734,322501,329222,332154,338484,342724,346164,361390,372809,375780,377236,377735,380257,387885,390490,391924,393711,410491
88375,251846,269553,360904
145160,166452,169636,207540,284076,336291
14375,41163,154278,179631,234548,246829,255354,262280,275320,286516,294354,301935,346270,391319,405504
348377,351743,365796
218858,266441,322501,342416,360486,415138
85555,204139,241681,272116,276611,285831,310854,317345,325365,342724,373524,414889
198161,272871,324436,336751,361390
68759,95637,187938,214495,230392,240199,301712,302884,316139,322666,381016,409106
98364,169358,201718,340001,360774,382077
110783,120277,176930,185368,231726,234548,256563,314112,322611,329679,402776
98968,352432,368920,391735,392383,393150,395594
26719,27948,56712,92525,130068,138037,145407,169527,198886,199231,205328,206490,211640,227610,236654,399153,400434
26719,79645,99724,245591,399153
26719,205328,220145,223761,245164,250504,347026
88673,127250,170535,259359,403531
137075,250357,266441,336575,413112
33514,113433,116963,154123,163597,200417,235638,236160,242507,245990,272871,285299,298718,299732,304632,307814,310842,312724,314480,321265,334947,340842,348496,353482,356842,357063,361390,366581,404664
130068,166520,323589
119627,209617,231056,317485,327802,372085,411234
40124,198892,270359,272878,282511,286240
108332,135569,215707,234548,341630,343659,410491
60194,138037,141872,154530,173510,178974,206978,216226,232787,234548,240891,290717,342864
342800,360904,373485,374668,375901,404540
78688,169980,194250,194285,224026,232784,239928,294135,332876,334267,354161,390196,402333,402788,403725
283278,402333,404227
85555,139897,144585,176459,197743,211887,223228,230968,234076,234826,244067,244869,249605,250357,263053,266290,278544,279910,283379,291300,300209,315091,342724,381712,386748,387885,393099,406682,409819
12664,201723,320716,349828,358251,377770,410899
99724,118960,223761,282503,310876,320716,321840,410899
60945,142739,202428,225983,279708,299032,312700,313519,404544
85555,90805,214952,222676,344132,376884
177935,181219,181221,199005,376884
26719,283278,406682
56489,91328,137154,169358,176539,189776,194173,197337,202673,216744,240475,290249,301400,320450,324689,326166,329652,329715,334331,337531,345613,346711,356509,357943,360530,368959,372085,392145,399670,403128,404351,407550
250955,286240,348250,406682
218909,233242,272285,282511,369148
12664,26719,80364,80668,102516,103560,119310,120606,120956,130518,151238,160760,179631,180386,184060,188687,188816,211663,213896,219692,220645,222115,224146,231553,232218,234548,235592,235852,238563,240475,242983,254793,260290,260659,268904,270443,270665,273918,274603,276713,282921,290999,291170,299032,299975,300041,301539,303380,308834,309435,316329,320799,321840,321922,324121,336479,336482,343116,344048,344417,355097,356726,361390,367632,369066,371089,371811,372085,373485,373995,374272,378925,396527,396996,402276,406355
237200,242727,256739,299732,308056
23281,41163,212416,327229,369896
356433,360530,375960
32856,93694,194471,198161,200690,216769,224632,226872,242507,250042,258299,285331,293375,298447,305529,310842,316994,373485
368825,403561,412248
161214,194250,323750,395943
12664,66731,85555,94227,100578,102677,105453,116944,117458,120956,129418,130068,131100,142042,144585,148772,151137,154574,157117,163759,169716,174335,179016,179891,180887,187074,191194,191843,192593,195753,196330,197201,199231,200391,203395,204139,207697,208296,208653,210080,210671,211876,213067,214633,214888,215215,216769,217338,217452,218479,218656,219461,219588,220949,223228,223416,224026,224805,225095,226196,226635,226681,226787,226816,227395,228007,228856,230554,230828,230918,231336,231553,234822,236216,237051,237119,243406,247846,249432,250357,251254,251726,252057,253035,253509,255217,258080,258299,260384,261662,263224,263784,264816,264839,265950,267881,268410,270665,273406,274307,274788,276311,279910,280578,282528,282654,283843,285468,285831,289023,289132,290757,290999,291745,293972,294193,295241,295968,296031,298227,298660,300183,300535,301081,301712,301891,302501,302814,304637,308583,312368,312960,315711,316329,321263,321265,326185,326189,326192,328633,329156,331542,334752,334803,335988,341601,342724,344048,359133,370336,370496,374341,374501,375923,377620,395244,411179
41164,189713,237565,319136,321263,325652,344888,360868,360904,369383
120956,215442,234134,235303,253267,294354,316844,342481,351743,364167,394753,412887
385877,390490,412887
25290,37700,102516,125263,130068,154539,186462,229983,272878,300203,307945,311519,317318,318108,329132,332494,336145,336291
211373,231553,254145,292990,412248
133149,233006,353572,412248
27250,60512,76616,150910,166921,199376,208794,213896,215293,321263,351743,395595
320799,326997,338447,404436
6585,91679,263200,273918,275307,279787,301208,403684
12664,25619,64184,85555,96730,103121,103361,118746,142729,148255,154574,161699,179631,185416,188739,190481,192653,200417,210671,210794,211640,211876,211887,213896,215289,216226,218541,219060,220949,221408,223170,223228,224805,225095,229012,230577,230918,231553,233973,234855,237826,240414,240435,244869,247846,251726,252057,253267,253681,258167,258793,261662,262501,264549,264816,265950,267892,269626,270150,271337,272871,274307,275859,277619,279438,279640,279748,280434,284255,285831,287632,288081,289023,291300,294193,295241,296031,297560,301315,303350,304839,308583,310454,311784,311809,312851,318201,320799,324436,326192,329222,330767,333775,334752,335988,339652,342724,358789,361390,375780,380257,381712,381838,384589,399637,403103,404544,409106,409213,409536,410491,411179
255569,295389,355570
25116,31883,102677,112326,157281,226881,250171
59950,67851,134977,145745,180386,215707,229827,277447,294019,312724,332019,336708,351743,375960,377867
12664,68851,157281,225840,235637,245591,281766,282410,317485,319136,321263,325652,339476,360868,360904
78566,103361,235638,254793,302501,317485,317915,324436,341495,352855,374570,377867,378903,380084,395943
269589,284136,300735,380684
187432,271745,323579,402522
142356,195905,198161,210915,211540,254352,272285,312382,321922,329132,335224,355775,357063
134977,154575,275627
150910,247409,247410,247411,247412,272871,289220,317485,324436,341495,361390,374570,374668,380423,383192
17564,76582,85555,130068,140337,147196,187839,188688,207133,213101,216769,217452,221256,225428,225668,228201,230918,233973,240475,282452,290704,298812,299253,304935,310834,313201,313605,331542,336454,340617,342724,368940,396612,406926
141904,253267,257367,297356,340180,361157,377735,395453
294354,295241,330767
138872,291873,320716,377770,408678
184887,215215,258080,270665,334803,340695,385720,404183,413112
207714,222311,352903,362497,363184,372644,403209
26719,35609,54970,117422,163597,203943,208761,211540,213311,232473,246995,278622,284629,289220,293698,296655,301208,312391,320716,327613,340726,351743,357403,364133,364167,364568,367106,372085,374501,380824,383969,387128,395095,398705,399919
80668,103361,147175,157281,200690,276673,281848,293508,295827,301404,305438,305937,307193,314480,315086,317915,319311,324363,336381
70641,215110,264719,300450,373783
66039,94107,130068,145745,340842,412164
157281,234548,409106
28472,249780,319461,323589,366830
146837,217121,331928,377735
12664,181794,196118,260471,270515,280736,321922,322611,331597,332409,358594,404110,408742,412213
53658,108779,332409,336223
85555,122779,181228,195753,208296,213272,233598,250945,251726,263224,266290,299193,304955,307214,310854,312851,314968,314971,329222,335988,342724,349338,365236,374924,375742,377533,406682,408930
226212,341495,391712
179631,183532,240310,377735
120956,208146,270203,272470,326010,347405,368312
180386,231553,234076,254484,272871,304839,321263,361390,374570
135829,158617,212690,237851,243046,245704,254514,255348,260287,269589,289137,291744,311494,322004,337138,353634,363173,384156
26719,145407,272116,320182,320716
259348,288106,336644
48442,115088,125961,132036,157988,160748,162477,183532,185216,197773,198161,204039,208454,211663,212964,216769,237727,241092,250969,256739,262715,272871,292831,293984,299600,307317,313720,320357,324436,326450,351743,408675
239281,293233,309719,401862
52147,83960,129473,147907,157281,250357,256686,276081,279748,295389,310844,315022,321124,336015,343769,357892,369893,373485,377735,392602
157802,288211,347205,404181
6585,25290,50258,50764,52147,55179,55715,84015,98364,103361,109904,114691,128408,128872,130442,131309,135281,138031,141872,143851,145269,145745,146599,156660,166520,179016,179477,179631,184887,187674,194273,196631,200624,202673,203411,203943,204039,205466,206154,208712,209967,210710,213896,215032,215289,215412,215705,217380,217452,219182,220269,220600,220636,222366,224067,224425,225923,226196,226380,226635,234006,234867,242493,243387,243623,244811,246082,249432,255369,255783,257044,262475,264549,268403,270294,275331,276136,281677,284136,293698,307382,309940,311928,331995,341358,343359,348590,358546,375960,377867,386937,389375
23613,49881,85438,104873,124110,141872,145269,148151,156048,159011,168951,194198,194285,205859,208146,213896,214948,215442,222732,224067,246082,270294,276975,282139,337531,341358,398364
103361,117284,143532,199596,207010,208761,243060,268680,294354,315711,375923,384156,394753,403684
76169,138359,180404,298447,369021
25619,54066,76169,98111,154358,156518,229403,238539,238559,243047,243050,250504,254578,254580,254584,254587,254589,255356,270340,276514,276530,277154,277175,279053,281585,281708,283558,283559,285073,296287,298447,380909
102679,123388,333775,384156,399479
41163,91767,135569,157382,196618,213915,218694,244367,310076
341162,374570,404181
54970,70377,98968,103361,105430,184909,198892,202428,211487,214888,223576,231165,271337,279403,282654,283029,297432,298447,312914,315711,372809,397433
183361,219498,222728,231056,239281,282511,312956,326450,328217,371089,388719,403561,404664
138872,284629,287629,298447,354206
12664,26137,78126,85555,121750,131309,138359,143455,157281,176734,182966,183601,186064,208533,208653,212714,214427,215720,215750,220949,222728,224026,228905,229931,231336,234548,236216,243406,250750,252057,260410,260414,262501,266290,266493,269370,274307,274603,279530,279748,283106,283843,284010,286240,289173,292853,296031,298447,300183,306163,312368,314968,320799,326816,329182,332997,335988,336548,336601,342724,342864,350813,361157,366581,367419,369590,373937,377620,377931,380257,391924,394753,396527,399479,400680,406682
349134,355698,389526
157281,201371,208533
77956,123388,147595,158730,165282,217219,225428,228905,237200,330060,332409,342864,395095
30852,110783,126666,130640,153698,160995,179406,185403,205328,223761,228251,228492,231553,240346,250263,255569,317188,374501,384156,401268,401530,404360,408678,409389,409723,409737
81380,263784,329679,401845
80242,176539,222651,240888,272470,294524,312956,317318,320401,323840,339297,342596,380684
86895,98111,130942,157382,209651,225983,255217,388719
35153,54066,260384,272871,274307,298447,299032,314117,336575,342831,408675
115412,146393,211373,220787,235638,250349,264549,269566,284076,290249,290546,310842,314480,321263,321462,329652,342827,355698,403561,408052
176659,182784,183047,208712,223958,329715
130068,181927,283278,322501,356164,372809,393637
102516,206428,348250,369668,370977,371095,372562,375395,377560
139782,287293,327414,333080,355698,373157
179631,279053,315562,409106
289220,329679,349134
212251,336708,383192
111877,130068,134977,140467,154539,239840,253681,260593,269566,272402,289220,298447,304114,318018,335988,336223,336736,383192
28685,49881,74765,86895,91767,110783,130068,167225,183047,189713,190003,192755,216744,234076,235638,236532,239440,244281,244367,245164,250329,250934,254255,258983,259579,274105,278347,287885,290481,297066,301085,301935,302881,303126,316005,383192
103361,230597,254793,272871,284629,285299,310844,361390,383192
70377,189713,236168,272871,272878,317485,336291,355698,372809,383192
29137,108752,123033,166452,200970,220787,221458,236160,272871,290546,294524,309496,317915,321462,324328,327830,329652,361390,364547,391404
25619,70377,85555,196330,207954,211887,219605,224064,251359,261330,266290,274307,276311,295241,298812,312667,342724,387885,409819
313532,330479,356049,370539,402179
278347,372809,374570
120277,142356,334803,350172
159288,318678,391712
73563,125322,199152,208712,214309,277509,316139,326189,396758
126670,279708,320182
30751,207683,409389
182771,251176,303380
103361,120277,122807,129151,134286,158617,211663,219182,231553,234134,235632,248842,272402,273493,292831,296198,298447,299732,302709,313473,319075,373485,378193,384156
327447,356686,369428,408591
78752,111703,193159,226680,230308,264878,300735,302773,322611,337881,387569,404670
70377,84015,145846,156742,199963,242175,256686,267625,394753,408754
90635,108120,200591,204905,205437,210671,222802,223718,231553,235637,270665,272658,284255,285563,313519,320351,356685,380084,382648,388781,395095,399479,406321,408820
27068,91328,205328,234076,244067,260593,278347,346711
145745,146362,154575,180110,315921,328044,337531,354606,360530
97454,143104,224026
175344,218858,234134,234548,238466,260332,270718,272614,282893,408742
28685,211249,234826,312956,336929,391712
285299,325978,401106,408880
99411,134479,179631,190252,290481,322004
104940,230807,351575,377481,377642,377867,407510
17762,199420,200970,211373,218377,235605,244926,267412,269566,272858,278354,285299,288512,294524,304114,315711,324373,360904,372809,402443
339866,375923,403561
80131,111877,271447,355698,365421,377867,378903,382119,391712
70850,143851,272871,287518,289217,317485,361390,389375
130068,211307,274774,297196,336601,404670
157802,333394,386566
130068,145745,198161,280098,329715,336751,389526,400359
12664,29754,60543,213311,223206,239281,253428,260387,324442,381149,391119
233827,275165,331595,404670
186421,212072,234548,240414,243433,282147,326189,373485,377590
85555,167992,184220,223416,248680,249710,251907,277721,283106,285831,299318,324819,342724,384031,404670
198161,250329,255811
218356,321386,349287
120749,157202,170968,174381,226380,254508,254519,263489,280578,404436
112101,154123,172570,299032,310948,355570
219200,293497,319136,366581,368610
215707,253819,326121
218909,233242,401912
138872,180970,253819,298447,332494,334939,356045,356802,358496
46364,145879,186903,194285,204511,209783,216769,221408,226841,234548,236585,240904,255369,269028,279700,280481,283849,284994,299545,305480,316837,317487,317918,357333,373237,387770
154990,200690,234076,295936,336708,348699,389526,401912
196871,223761,266493,293301,395170
292831,303380,358677,392145
239915,337138,344430,377735
41163,60543,211130,218694,221281,245810,246806,247101,251846,278176,321877,337961,364568
26137,64227,67441,70906,113011,133084,137592,161103,188432,189884,196477,200690,205466,205926,211373,212759,229933,230577,238159,248578,261265,269028,271934,272878,272914,272964,274522,276673,285763,291778,293508,298169,306882,307382,310076,311519,312956,315091,319894,321039,328813,331834,336548,339500,348590,349007,373237,377687,385519,391382
183601,238868,277619,373783,388719,400668
25290,28259,267730,275859,315988,364167,385810
55273,231624,275701,281848,284136,291873,299732,303506,342596,374814,401247
129264,134977,169358,198161,228223,234076,260593,294524,302425
103560,154539,189713,234076,255217,361265,386748
158264,248692,301085,326189
145745,146362,222937,349134,370844
66027,80668,102272,136258,140451,199420,199963,226151,231523,236532,262469,298447,320716,331834
107714,134769,207540,240485,243623,246806,299600,324827,355698
27360,48790,179406
12664,60543,144585,173510,190168,211024,218719,218858,221281,225840,234090,234548,234668,235637,251846,259579,270665,274212,286922,287617,299032,299732,313520,321263,326004,330815,331834,334939,357102,381149,395095,395244,403103
372085,373485,373783
140068,151403,157802,219272,242493,264995,276081,301081,311519,322889,328633,332753,356549,364568,364651,380246,381149,386293
52635,156518,195597,197337,225173,251516,262763,286922,290481,324649,331616
130068,226841,230686,346257
336708,356810,398966,401247
170994,195597,210915,361390,373237
12664,193897,205328
77366,145745,183579,193897,208628,222533,278347,300943,324116,338731,340001,348828,358546,368889,369798
79977,83960,114506,136958,144264,147907,152700,157988,160995,174949,182503,185216,207954,212496,216099,216709,219221,239453,241092,250947,253114,254793,255693,256467,258299,259348,260323,261045,262715,269013,270868,271993,274105,275534,276148,290481,290546,294524,298169,299032,303107,303126,308036,320799,321840,324862,325383,328752,330422,330642,341519,349287,354769,371811,373237,378351,381149,386190,388533
152759,254793,289220,392152
179406,373674,373783
154990,170968,218694,225006,228223,286154,343659,372809,377236
356509,379607,385945
53106,93959,102272,111759,114403,132313,134977,145269,146599,147907,157126,158424,159662,160309,172686,183154,184887,186707,194250,197446,198161,201718,204511,210804,215110,215442,226841,231523,234076,240297,248876,251269,266441,272402,281776,289220,290481,294135,294524,297356,298447,298718,299032,304143,309448,310163,311519,319224,319444,322262,336802,339011,340726,341630,373237,403725
26719,79645,110783,119627,153493,358677
219272,228681,256690,273918,281766
137592,200970,229827,234076,239453,269566,270548,272871,282511,331928,334947
37856,198161,200690,205926,234134,240346,249605,250299,279535,280578,282511,289220,309496,334947,392353
42832,96466,98364,157126,234088,248842,254124,404538
85555,130821,136871,204042,217601,218541,234427,239915,240393,249587,264816,266493,279748,279910,285359,297596,322964,332374,342724,375780,376549,381965,387770
82949,98968,107058,119418,139453,191843,207861,211663,215036,215442,216226,217221,226771,231165,234548,236030,251846,275876,298447,331995,336687
26719,109290,120749,203552,222802,257181,374501,399304
185541,192747,398680
355569,395183,404212
70615,111759,114796,221472,234548,318084,332029
41163,85555,116963,145337,154574,178094,186880,190173,196330,197773,202426,204731,205859,210902,211887,212251,217537,231553,234500,236216,237826,237991,241959,248291,249605,254878,258167,258983,265950,272220,274692,274774,278347,293972,300209,302501,342724,347124,375080,381637,381712,385051,403103
80131,80726,111877,172168,254124,292050,309448,318108,334094,339476,340823,347405
72240,102677,139924,169794,176734,191843,192593,194458,209653,212690,260384,278347,340361,398966
145269,204817,334094
237225,242875,253819,272402,297638,322004,328813,349007,354238,404252
204042,355698,387770
138872,292425,336291,400881
130068,204930,225173,273918,361390,375780
130068,131100,209959,245079,292853,293686,334803,361157,403403
30751,88542,92764,135281,141646,141872,143851,167225,179162,183661,186240,190168,196631,201718,203270,205310,206154,214408,215110,222728,243623,298447,317915,338453,373237,381091
134479,179692,283278,313468,336751,373237
51216,199963,318863,356509,360774,364994
26719,65399,278770,286612,320716
224732,228919,245756,288258
26696,54386,134134,136958,141872,192593,199376,205437,215110,215676,224632,226635,342416
26719,44804,150910,227395,231178,234076,242570,270203,272871,298447,403209
199231,214495,236030,248692,301085,326189
102516,125263,157802,183154,198161,199596,208737,221930,225983,312724
160995,281593,384156
218858,326189,396758
313473,326189,331857
298447,322501,361157
70377,103361,190111,193657,242875,283278,314480,333394,336381,339297
259359,325589,389375,401912
250357,251176,275291,328813,341921,373783
64623,91328,134977,154575,195965,239874,290717,336751,340001,374570
130068,198161,250042,264665,283844,349134
41528,42247,84368,154123,157382,173904,191019,204039,213031,253267,299732,340828,341495,345450
91679,290717,304811
80242,321265,361380
99200,100778,206480,206978,214047,214495,236168,245174,246065,250088,258876,268866,269883,270665,272402,290756,322611,336441,336482,343784,359402,359581,394743
289904,316067,336164,336977,339672,366605
194009,198371,396379
364133,377735,377867
178593,328403,344180
25122,26719,152759,238418,254124,258801,300450,327229,364167,366313,369668,387770
99724,181506,399479
12629,25062,26719,99724,188019,193159,249780,288917,320716,355515,387770
213278,224026,226286,266441,384088
85944,269307,283474,298447,356726
99724,320716,398705
145879,150910,240475,301400,310844,384374
128788,211024,355698,400728
171,75762,208146,278770,311784,312910,320716,329679,330422,335988,336575,395244
26719,78637,98968,129910,145555,159079,207030,212496,218366,223006,231553,233975,234548,239281,250088,251846,274064,303350,311700,323807,374668,375955,400564
99724,271337,314132,320716,327613,336741,400534
17564,86812,130068,179631,194173,198161,200640,201578,232772,238868,267735,400359
31883,56712,130068,330422,335224,360178,369668,391119
172311,192755,245694,258983,304882,400359
69684,173379,205965,250947,274603,279535,380257
181790,293664,317485,359133,361390
103361,303506,312956,329068,336679
206005,323750,349284
142251,271996,371811
187392,211876,226613,266083,274603,280110,319444,342481,380776,387152,400180
279748,313060,358256,364038
293497,298447,330422
397820,398487,398727
93694,102912,331928
78752,194554,211876,226151,253536,313519,316573,346391
55715,163597,250299,349131
299135,336441,375780
65146,158527,170075,170994,205328,231523,257044,320337,353274,369148
184707,201845,205328,216497,217246,224064,231553,238126,239139,244579,245165,245756,266525,269307,276521,277153,277857,281588,285086,286516,288258,288713,293375,294260,302134,304633,315711,319223,324827,339906,353280,374501,380257
91767,196600,373385
208761,278347,337483
123038,139453,211373,398865
145745,152518,205926,272871,272878,290249,312956,314480,361390
67010,307160,354361,395095
215110,250088,396800
278347,317915,331928,374040
126670,195638,243137,333080
147595,219126,240365,335096,391416,397202
26719,53791,154990,225006,316304,320182,320716,335988,349828,364568,369428,369668
79733,199158,219294,398286
120956,219055,230807,380824
6585,25290,49881,65146,66731,83151,84015,98364,102516,104873,106391,108752,119627,125263,130068,135917,141872,143851,145269,145745,147278,157382,160309,172686,173347,176306,176734,179477,183532,184277,187938,188432,190617,198161,198284,199963,200599,201718,205382,205926,207556,208737,210915,211330,212759,213195,213798,214633,215292,215707,216744,217256,217287,218444,218655,219783,221661,222341,222728,225923,227063,228201,230537,231121,234006,236532,237727,238268,238750,240477,240578,240581,240674,240678,240680,241048,241092,244275,244280,247943,248133,253819,254032,257044,259348,262475,269013,277275,287518,298718,301085,324827,326121,336601
210980,223366,224002,227352,227485,240995,245591,258876
231553,249605,336751
170968,316839,324740,342596
211373,224409,256512,276692,277368,278105,281344,315014,388197
272871,275323,288211,326121,377481,393150
6659,224581,282912,358620,373485,397315
180325,212584,233959
151259,166480,272402,286850,396291
322464,335516,357442,396291
210915,234076,234159,326450
183532,252033,396678
48442,66448,82902,86785,88542,98111,111877,113011,130068,135917,145269,157382,159898,167929,183532,186462,200690,205382,213915,215707,216744,218923,239443,244367,246070,250934,251289,257044,258983,259348,260384,262469,267412,272984,275331,280110,282151,282511,284629,310842
41528,58787,92841,94679,112326,179631,196229,196347,202247,211122,213281,224026,228761,231553,235592,241971,242497,275413,279516,287452,290999,295655,313463,313814,319444,322874,359099,369066,374101,375955,380084
105430,105453,318080,391119
28259,206610,211280,214970,218549,218859,235637,238022,241982,250624,277619,293497,321263,329679,333350,336641,360868,360904,371688,376493
180386,183361,226129,290757,299039,336291,336708,357640,385519
226613,335433,381149
132313,192755,250263,309495,311784
37968,44804,364560
209746,312977,320716,340726,377236,380257,386714
93171,129473,186421,205328,210745,240310,268680,269307,274728,358546,364560
138872,157232,189776,271462
138037,145555,315711
10108,156048,183661,187938,209656,212714,217380,315711,366550
331474,331957,337531
102516,145745,186591,192755,250947,284076,286240,311519
119627,221950,272858,279535,282511,317265,317693,355570
215293,221929,355570
14375,237051,387128
26719,79645,204039,320716
138872,201845,309091,388719
188019,220744,351743
197743,215110,226841,269237
137581,154539,173305,186462,194173,198161,206428,216769,219055,221408,222728,238868,250934,272285,272402,275870,284076,287293,287451,288554,290717,299214,310844,315921,320450,331957,332019,336291,338334,339764,340814,341919,342286
91783,139857,173333,204086,226347,307090
121982,186903,205328,215750,218897,219662,222728,231553,238418,243332,270340,272871,290757,302501,320229,329679
68759,140417,197743,336601,391614
120277,125263,348603
103361,193159,194250,215110,280371,300462,307945,322004,324363,329429
222324,222341,262469,328902,373237,390328
250042,279535,287878
225006,228223,343366
134977,290717,377867
200690,357333,375780
150910,184771,189858,224638,234548,235637,251532,319444,380084
142729,237328,358237
22891,118746,122482,130068,137592,192593,194173,213915,218267,238868,267110,267704,292831,296508,317487
239915,342596,370686
140711,284010,311821,336471,337961,347405,353280,385909
226613,234548,336929
91110,119627,175993,194150,198161,203270,204930,218854,223576,223761,224990,225955,225983,228761,270150,277362,278176,297638,330680,344167,373783
283974,291873,300209,324827,326185,326192
98686,154539,202081,245694
30726,78610,80131,189239,191080,205328,219461,250357,254499,275291,279748,284010,285621,288572,289949,336182,343426,373783
119627,130757,180386,210980,217452,294019,373783
110783,138037,144585,176930,206978,222171,224631,266493,270468,272402,293664,358546,387239
77866,149420,255488,357640
206428,229827,289508,312724,334875,360530,373655
361157,377770,383058
90346,133645,215110,231553,234548,244281,250310,250329,253114,254511,257533,258819,261690,272402,272878,274603,283868,288232,293686,304811,364568,386870
234826,282511,314480,359131
224631,247040,270468,279897,342121,368751
245990,334875,377735
88673,240838,274105,278347,338731
6796,238022,250357
143851,176734,190168,205926,240888,255217,259348,284136,301935,307945,339297,378633
6585,67803,181916,201718,208712,272871,323840,329679
10108,319444,387239
198902,212251,232799,259359
103361,134660,156742,163597,169716,185541,186462,190168,212251,235638,247065,287701,315711,320716,363312
154575,186260,360868,372809,374040
139453,145269,204511,230994,234548,258801,293698,324827,340448,341139,385519
214732,273372,386271
207125,218909,221993,234548,240992,260290,324862,326192,331542,331828,347124,347405,370483
19349,342774,359568,369365
166452,244315,386579
211373,267289,270203,342800,344521
191080,353887,376384
94107,255369,280736,361390
239132,338731,347820,369066
48252,323589,336601
146460,205328,231553,240310,272402
37932,180054,186260,238868,239443,247265,251269
234548,288297,356045
262615,279053,330196
134977,145745,154575,163627,331474
134977,341921,378834
28685,135829,209783,298447,298545
82949,142739,149309,154539,163627,170968,206428,219055,250947,272285,272319,280439,294524,298169,299214,310844,314480,315921,320450,321039,326121,331473,331957,332019,336788,338334,343756,345131
26969,118960,320716
21355,41047,93959,102516,111004,181790,186260,214108,216769,229827,231624,245591,253856,267110,276544,334330
356509,378254,379607,382077
106549,191843,222937,266290,381637
285299,289220,315923,331474,354245,375923
56489,303405,311489,317915,318577
11568,36350,110783,125961,344417,351743,370887,377627,377726
12664,212759,234373,293497,293664
290481,296120,305438,382656
118746,199231,223228,345887,382333
141063,193159,278347,340001
160064,226807,259298,324649,330957
91328,173305,374040
129177,234548,244558,286922,380084
169980,219588,224026,230968,245756,269827,287452
251196,341495,345350
42247,190369,336977
103314,272921,307219,373237
99411,190252,258661
161157,300735,326079,361157
84283,97400,98364,129542,145555,235637
54117,122482,126666,180435,187074,191583,234134,279614,286612,342605,358561
250947,255369,315091
245591,248842,272871,298510,324646,324649
212759,279535,284136,298447
142459,321263,337139
210980,249605,265041,266441,284010,299032,324733,337296,377481
115038,119627,139782,160995,178017,186068,234548,234756,254499,254513,256750,257164,258189,259579,260414,272402,273350,278176,281272,282273,284136,298175,324770
130068,218859,230748,242507
6585,28685,32688,66448,78661,91767,108771,119627,129113,130068,133703,134134,137263,145269,147278,157988,159898,161157,167225,168006,169636,170968,170994,173904,174144,179477,179879,189713,190377,191080,193836,194173,198161,205382,208321,209887,213915,215707,216744,217256,219200,222341,224460,225437,226881,228967,229877,234548,236545,238662,240346,240459,240475,241092,243956,244281,245164,245783,250042,252212,252830,253651,254255,256310,258299,259282,259348,260384,260530,260593,262469,265637,269338,269589,271649,273117,274257,274307,274517,274924,275410,275701,277870,284148,287885,295630,310844,312956,355698
272402,362907,377857
235638,269307,272871,280578,287518,359099
154465,231165,281677,298447,374040
257103,273407,298447,325383,353572
78566,85555,103361,247840,256253,272116,342724,375080
37968,57084,64184,79645,205328,208146,231178,231498,234548,250750,263262,270468,302571,304143,356802
91328,130068,145745,163597,186421,196631,218694,234076,279535
213311,213915,225437,235408,250329,254982,277275,294524,338221
53791,183047,263224,290481,301020
99724,118960,320716
26719,104163,218377,269589,272878,314480
26719,193159,202673,230807,245165,269307,328823,333394,334939
26719,152759,272878,327447,348621,352855,359132
80131,194250,215412,234548
122482,135917,173305,221408,222341,224460,229983,238662,253651,260593,365796
99411,116963,130068,137081,145745,180386,183224,184887,186064,187986,190168,195597,198161,207540,211640,212174,214902,222728,223206,228761,230686,235638,238868,239443,240832,271745,273592,279535,285299,286937,310948,312956,321721,336291,362767,372809
26719,84015,143851,164867,167225,178599,193526,203411,221901,228201,234076,236654,272871,287665,331473,370686
202081,208768,240652,260410,296029,302540,339137
107030,120002,174949,180386,205965,212759,261265,263224,274105,315453
190111,310842,315091,358472
12628,43746,70850,77866,84015,88493,105807,124338,129473,143851,147449,167225,183532,201845,206978,208034,213031,222324,231498,231523,271462,272116,275653,276673,279535,287665,298341,299545,300462,307706,311928,316044,319136,321039,321922,324328,324363,324827,326383,328018,328079,328813,332517
300943,354454,377557
150910,298447,336751
207714,230495,262697,262763
78688,295936,375901
44184,100778,283278,318678,329429,342564,358677
10108,66731,108511,145879,169611,182443,189713,213915,225437,229827,235593,239281,246082,344048
125263,216718,239440,277870,324679
208533,247261,264839,298447,366784
166370,166455,261045,336802,360904
25122,58675,285299,315921,330422,345613,349184
53896,119642,156583,196631,210849,221950,235593,299032,373237
130068,210330,245886,251163,251289,373978
141872,205328,248842,298447,312391
85555,130068,156995,169020,191843,223416,225845,228858,260661,277619,296031,322004,330157,338654,342116,342724,374341
83151,179162,198161,205978,208762,255217,269013,356509
42782,218694,339684
198109,234076,326166,352799,359131
85555,311494,322262,331928,332059,341162,342263
78088,145269,147915,324304
121982,187572,204323,205328,207096,224632,226863,358677
278347,341495,345926
128455,234548,325578
103560,235408,301072,337483
68900,127250,130068,139857,160309,222533,260384,272470,276136,284136,372809
142729,215110,230489,237200
109290,181506,320182,320716
216769,276544,279748,342864
267019,301085,316139
103490,186240,221281,231165,234076,245591,264054,278431,288247,290926,298660,328504,329222,329686,336687
213896,224638,320351
145745,225437,286937,317472,354606,355089
36307,51279,84283,123038,134223,142356,181380,191732,205328,213311,213896,230807,234548,236304,237727,239840,255342,255350,270665,277509,291321,294884,304314,309640,332875,367127
119627,131309,218752,367599
102516,154539,160654,245990,316068,320450
298447,343426,353634
300203,307410,362866
42782,299732,310844
64184,114765,167225,186903,234076,316934,341149
163685,223968,369148
245694,289220,296029,348781
145745,168429,298447,328044
93694,339303,339311,339323
40256,109290,209959,235637,344888,347405,369428
102272,205926,266975,310076,327980
167929,170968,340361
170968,180970,269028,317915,325356,329679
154755,198161,284629,340333
26719,90416,99724,343711
31389,66174,98686,119627,135247,154539,173904,192755,199376,202884,205926,209967,213915,221408,222324,229205,234076,260593,267942,269013,298812,308043,324725,334965
58675,130068,158264,233033,233562,242438,243046,243047,243048,243049,243050,243059,243060,248307,248506,248510,248515,250088,253434,258439,258628,258631,266952,286769,286782,367429
70590,92124,143811,157802,166693,186293,218694,245890,272265,273918,298447,315348
147175,200970,266975,302425,331474,336291
145745,147175,154020,170994,217784,303513,362837
214633,216769,233242
33016,73697,76616,98197,120275,201845,213803,222171,300577,304143,314454,316457,324740,330680,340001,365846
98364,167225,200690,206978,250042,272871,282511,283844,317915,333056,343116
124884,211602,212072,214316,219294,274788,295083,298565,311700,358597
12629,206005,279708
315711,342028,354572
41321,80534,108875,127135,149115,186396,186398,358353,358354,358355,358356,358357,358358,358360,358361,358362
31883,145745,173347,178974,296497,365399
111877,154575,186462
26719,111852,117458,139053,263254,270443,313519,332019,353600
198161,290717,297196,318108
111068,129045,144585,183532,240838,322922
66027,134821,158617,191843,199231,223228,240435,274603,286952,289763,308991,309091,331928,361009
70377,210980,298447,340448
193159,215110,299600,336601
137592,194273,206235,234548,242497,301935,307080,326847
178017,218897,230981,237536,246244
86895,170968,195638,276544,278347,284076,320450,321817,336291
129473,309083,362866
10108,253819,317693,329429,334965,339297,341358
26719,85555,144288,150958,206428,207884,278176,313531,324289
56712,176459,331928
214495,248876,332029
176306,250042,267942,282511
120370,218858,226680,351743
172157,284136,303506,341302
117284,141872,216226,231553,279430,283849,290895,293686,317990,318085,329679
207030,324862,352749
125263,130068,135917,169716,200690,223761,224632,230613,233813,250454,255217,272470,284283,332360
88464,105430,109319,120267,127250,130068,136958,141452,141872,143851,150544,166235,169794,173510,183047,184483,192593,195649,213255,217256,218854,219182,220696,222744,226635,227607,230994,231165,231296,234867,239401,240475,243723,244811,272871,293033,293698,324827,360604
245694,333815,345613
190462,259348,290481,310844
40389,108332,340969
99411,112284,190252
194079,198161,204039,210330,240888,258876,284136,303364
245079,245694,314480
129473,226816,234548,325409,334206,336929
215704,288567,297638,300462,307945,319311,333080
26696,37968,180970,219544,301863
307410,331473,336145
37463,37700,61773,133826,147085,154990,208317,213256,215455,290499,353634
157281,158228,211602,238878,240888,252067,272402,321151
238022,357892,357896
231165,249767,334965
83960,186707,201362,211722,226141,234076,299032
134977,271462,278347,302228
56712,156977,223206,223761,299039,326997
128455,157504,294193,315091,317915,336687
31883,120002,205328
208321,216229,223958,265136
106482,186421,189713,216769,262763,275653,284629
87134,234548,246186
186997,301539,328044
99724,299032,316044
142003,154659,166480,250955,262546,272285,294524,311795,330464,331957
180676,284629,348781
181380,222533,342774
152759,254793,275437,336291,354245
80668,130757,143919,146599,160309,174046,178974,183361,186260,198161,201718,216098,216769,217388,226134,257044
59573,313157,336802
147278,183532,201718,226134,246263,272871
134977,145745,154575,180110,186421,198161,286937,302425,324689
199963,224323,314480,322464,328968,336120
254793,294524,310844
77748,80668,102516,120129,145745,147175,156995,160914,192755,207880,219055,250934,256310,290249,306435,312724,315921,319095,320450,321039,321817,323947,329068,329608,329960,331957,339764,340842
127250,205328,215110,295241,329679,341358
80668,186421,193159,285299,298447,319311,322004,324363,336631,342481
130068,200690,242507,244892,295175,317265,336602
51109,179631,193159
222728,253819,254793
134134,223789,290717
166074,225983,238868,243623,253267,264549,266083,273260,297066,301085,304839,311623,313519,314480,317472
143851,294193,331604
278931,290649,304839
129473,133995,134977,136893,154575,198161,213311,261045,272470,299600,311519,321039,329920,335197,335680,336702,339476
173904,224460,250329,348442
103361,109985,168568,170968,202711,302466,311494,313408,329608,332902
130640,234548,303380
198161,224766,230981,242507
106482,198259,218694,263254,287764,289220
173305,336291,340361
70590,149680,206978,207861,272858,288764
266530,272285,337531,345131
307193,336802,342827
72650,310076,324689
156992,172168,219182,239204,239360
77748,104873,158999,196631,199963,201718,231018,231251,234006,235593,240038,249767,255217,272871
26719,56712,99724,303887
179879,242496,272285
250042,268680,315679
25122,26969,110783,289137
96572,253819,316139
146393,227613,312914
25122,169009,177486,207861,235639,240439,243418,293686
102516,133284,142446,167225,245694,257044
234134,250042,272871
83960,215110,294193,317915
154575,169367,174144,269013,305858
298447,308583,339406
151259,224067,284076,289220,304114
231553,244869,329679
279510,284136,307945
215455,295175,334182
310842,318080,343426
129910,228967,230807,259579,342263
98686,154659,218541,225006,294524,296029,329642
142438,145745,212251,229900
120002,130068,193617,231056,234076
64184,302800,318733,323807
102516,311494,334206
134977,180054,307945
218734,234548,237225,262475,272514,276759,292050
134977,320450,325529
159288,197726,239132,266083,293324,333477
234076,282511,323643
248876,292011,311933
216226,319315,337531
88490,122384,135829,142739,145044,167225,175790,176306,180970,183532,185348,189713,194415,200690,218694,219200,226881,231111,234548,238557,239874,242276,245164,250934,253651,256310,258983,259348,266530,271993,272470,274105,287885,290481,298232,298447,299751,301935,331957
67803,87134,242507
103361,147071,329429
154575,285299,299600
139897,213774,228858,238418,244443,260832,276311,295090,318795,342724
7139,130640,222311,279425
217338,241789,270665,276520,283278,339676
250945,299732,341358
172886,193159,317472
307410,334206,335246
185348,208644,285372,336291
206610,223789,250088,303380
176306,223170,286937
180970,198161,221993,235638,239281,290683
127250,130068,137581,145745,223006,223366,240475,265763,326108
56712,254124,287610,324721
221408,250042,272878,282511
228333,272285,301400,331957
156995,311519,322317
134977,329920,335680
102679,121982,170968,173086,186462,215704,242276,250088,294061,325529,341025
26719,77789,142356,154990,166564,196631,199231,205328,224632
269028,272871,314073,315091
91328,156995,318108
145665,204511,235593,272871,294340,340361
147196,183532,206535,213031,216769,216783,229900,234548,251359
81089,184165,332409
130068,282511,333387
179631,222937,231165,324009
211373,216769,229827,260859,279910,280110,290748,298447,304839,311519,320731,321897
138956,282511,313468,317915
136958,311519,321744,334182
214427,270958,314480,320337
176306,196034,250042
205382,229827,311519,335119
168429,195597,207540,282511,285299,328044
158228,171201,229508,295679
200497,215333,222341,231056,259348,298907,336736
64212,285299,330422
26696,92437,240310,245164
54970,127250,164381,206624,210491,221408,247846,250088,259348,267684,270468,274603,292595,294546,299214,326383,338453
250042,282511,283474
55715,250042,263254,272116,298812
176376,238674,245079,260859,299032,306435,336575
328641,329679,329681
145555,215110,249780
106482,216769,218694,220787,287764,289220,315923
79832,221988,301631,307193,308496
25290,92437,181790
226881,312910,334875
160724,224518,258801
129473,134977,154575,181790,198161,213311,245990,268512,311519,329920
42247,149543,196408,264719,310844
224676,236029,325553
157382,220145,253114,307945
179216,267892,269237
139857,242875,269566
140467,176306,180970
49679,176306,242507,250042,298447
26696,64184,93959,130518,180386,264834,295937,300080
160654,310076,312724,320450
84478,102516,107714,172696,192321,215293,229983
183532,195104,223761,224026,234548,278176,300831,334206
80668,84283,298447
82171,203270,234076,274064,276081
213953,230677,240414,332997
222937,234548,328676
102912,198161,240888
186421,213311,311519,323073
134143,172168,218620,247781,332219
26719,114765,168568,287229,327229
137263,236684,329483
33514,141872,142729,184887
130068,186260,228201,294524
178094,196330,332987
205328,210080,253267
26719,99724,222802,317487
108752,320450,327415
234076,287451,295937
208034,298718,299600,329920
78126,217219,298447,298822
260410,275701,329222
199231,216709,222802,223761,324827
178017,194595,219692,328427
60094,257103,292831
17792,173904,199376,210794,227231,240297,267942,277275,279910,307706
178593,195981,254574,320799
170968,276544,284255,319444
234548,305692,328651
59950,78566,190481,219214
145745,166412,193159
130757,217234,230525,297432,303380
127810,143851,321938,324838
22891,147085,174144,190168,198161,228333,245890,272285,280695,304867,318820,323947
213625,230807,319461
272878,290481,323781
202711,221793,273031,315091
128319,213559,270923,275566,320799,324544
173333,226712,231586,249469,264924,325877
231165,235605,315091
228201,235638,326004
26696,84283,182966
205328,313468,322004
155395,214952,239226
186421,198161,224735,231523,239281,239364,240475,269013,298447
230686,294270,298447
176306,242507,315014
69299,105430,105453,312956
205437,234548,325305
219662,256467,299032,324834
269566,274603,279748
138037,218694,239440,259348,278176,298510
141872,239204,318733
30751,169367,310844
226807,234134,261740
88490,130068,137674,145269,172311,185348,203270,218694,219055,229877,229900,238868,243624,245079,279564,279748,286240
102516,198161,200690,202081,215707,217221,234076,247065,262715,284629
255753,304143,317760
273406,304114,320741
234548,272871,279850,295630
70850,231498,234076
28685,253267,292082
179631,256253,271996
147059,211596,220145,240346,280484,320112
111391,186260,193836,234500,268403
79583,88493,129473,132036,140446,147631,166074,175854,203418,213256,218734,236505,259174,266530,267812,273406,273918,284498,296663,298818,299199,299214
110731,241982,267211,268904,273592
25122,67073,139782,216744,308834
205926,216744,234076,282511,298292,301085
212759,226872,238159,253114,318352
67883,183361,183532,255753,271870,290481,292831,301072,304143,308527
105807,186260,212759,230613
196631,199376,204039,230686
227185,251685,298447
130757,168429,298447
137581,288552,298447,306975,310842
115541,116963,155395,230537,281811
250329,257044,267942
173347,222366,289904,294061
12664,202790,295216,313129
206978,229877,255514
10108,138960,152299,240921
60194,301315,301891
119418,129151,130068,208600,209653,229877,301712
216744,225006,231056,294325
129473,205328,218897,312671
250171,264878,275701
190674,224026,226816
194471,215391,292990,311882
234548,250357,275291,289911,292011
129542,144288,208146,255569,310948
160760,215110,269370
230686,235786,242507
119627,208761,236030,287632,293543
136239,158264,249605
42883,143851,163685,181380,191843,196330,198161
106391,135829,143851,158264,190377,198161,214408,226380,228201,229877,238662,240516,246048,298812
26719,223761,285146
49881,210915,286154,290481
105430,137139,293984
26719,99724,295630
108290,160995,190369
137263,156583,167225,200690,215707,259348,267564,282511,290683
259348,294429,303103
199528,242507,250042,281766
273946,287452,304573
263200,273918,275307
277619,278176,285689,290704
158264,197726,198774
226816,231553,298447
199376,201207,217219,221035,222311,230115,233112,234411,298447
44804,229205,301631
254502,254504,292831
31883,49881,104873,179162,198161,201718,203943,208712,219249,225923,231523,234084,272858
91328,157126,183532,260332,288664,298812
216769,231553,251176,283190,293375,293686
222311,222315,256461
108332,272871,274105,282503,283844
130068,208321,218656
143730,244281,297432
219055,236545,245164,267572,282423,291183
41163,66027,134590,215720,217221,293698
182730,272402,290481
145745,198284,200252,213798,222728,238868,255357,255358
255217,259080,260871,261219,261235,261243,261248,261288,261295,261305,261317,261326,261374,261925,262089,262137,262451,262697,262717,262722,262724,262781,262796,262826,263308,263475,263919,264027,264496,264653,264939,264970,265031,265037,265411,265424,266575,269489,272514,294093
160995,204005,219249,235852
157126,179092,268410
179165,218620,267110
49881,103361,143851,155859,158424,172168,172311,173008,174893,207683,208628,228201,231523
108290,177520,250306
36350,180896,291970
14086,59950,64212,79195,79583,119330,125263,186903,231467,236457,267184,268769,272514,274307,286956,288725
239440,289986,291970
49881,120002,124252,143919,171578,198161,240346,269237
142356,231523,248842
135917,229899,282531
134223,210704,234548
130068,145745,207540,242507,250042
26696,78566,264719
26696,30726,130518
170968,198161,224323,228222,267640
169009,181790,259348
207125,250171,250504,280578
192593,207540,283868
143851,181849,247265
222949,238878,283037
151259,176798,227352,230613
179631,220949,273918
17792,141452,260384
130068,169009,259348
234548,237119,262475
196477,198161,205382
86785,189713,219055
57140,166370,215720,262469
26696,84283,180970,211032,211716
215032,216226,217452
219200,231056,244863
173904,204547,226881,250934,253651,256310,270506
140114,211032,276191
216744,222533,244367,272221
193526,220949,275320
124252,130442,234500
191082,223789,228201
225840,258903,269028
65350,128872,141646
26719,99724,260384
226881,250934,253651,257512
193526,226324,246244
77748,98111,198161,229877,269025,269278
44804,63938,122181,127250,135791,163057,169622,173008,225983
95828,142356,208737,208794
127250,224632,240988,246082
127250,190168,230613,234548,235593,247846
160309,231523,238868
205328,231523,237321,239281,252093,255217
156583,170968,247112
123388,208600,221993,233242
145745,146362,186421
169009,180386,211280,258793
66027,125263,231165
30751,120749,166480
203411,229900,231121,250753
167225,204461,219781,221993
173510,179477,240477,246034
136258,208805,231523
240477,242727,246034
104873,142438,229900
37272,67744,220273
141872,179162,190168,198161
133149,199376,230686,234548
31883,79977,119193
180054,200690,239281
139716,160989,183532
30922,87280,130757,215292
179162,189713,220600
130757,217521,222937
9105,134590,171578,174839
172686,217521,222937
64184,103906,180386,196125
104873,198161,215412
117470,143919,145745,183154,184887,215412
80668,196631,222739,222752
184887,214942,221066
192747,211596,218479
194173,198161,201578
